feature 1,feature 2,prediction,disease
0.24422950667176,-1.4021467790493178,0.6311238,1
0.6781783200788559,0.409494525326261,0.33389276,1
-0.5855293813520697,0.2945013797993331,0.1800989,0
-0.9086731231253482,1.3030858914608197,0.10313486,0
-1.9918382111213648,-1.3479103548733642,0.1281409,0
0.9716229819862016,1.9076199020114035,0.16182105,1
0.016657300576047,0.5908364656546546,0.22308053,0
0.2057313449468281,-1.3154606113918716,0.59842896,1
-0.7835948765056134,0.0190284200039148,0.17505948,0
1.2264980292859606,0.6740916576419917,0.43877456,0
0.9432005776780168,1.2295530368322904,0.23180999,0
-0.1218238814876902,0.692688522288861,0.20115581,0
-0.5558634579022823,-0.1122822195247084,0.20838898,0
-0.3566913840585801,2.026457304977107,0.09429321,0
-0.7986255424246492,-0.0612473959611279,0.17796646,0
0.026564149240541,-1.7088042530152308,0.6117054,1
-0.6161677197005472,-0.5741324701000811,0.23036169,0
0.5855425205420421,1.0553669374246255,0.22926183,0
-0.3594685746587436,0.2287747569297834,0.21015693,1
-0.3539570639393583,-0.1523243845483796,0.23643503,1
1.5372530042019914,-0.677765835762959,0.86041725,1
-0.7257195225520553,0.2240504526339062,0.1693814,0
-1.5679158879454649,-0.2356902143116008,0.11683293,0
0.3662151924074477,-1.200419755072636,0.6376074,1
-2.077868511409373,-0.6825817334605236,0.09782441,0
0.2643786358257206,0.0188612265898365,0.31256586,0
0.981720141892642,1.0986966609800095,0.25262794,1
0.0701150307541132,0.92432763171498,0.19920917,0
0.0092750742962063,0.7693374035571667,0.20712481,0
-2.050609352249554,0.4308061197013422,0.065326236,0
0.5553036855587886,-0.2172195414462986,0.45971304,0
0.3962925672466115,0.9284957439094284,0.22915322,0
-1.171997758374501,-0.6785355752887892,0.17307426,0
1.9131707472462032,-1.0628644736037571,0.934856,1
-1.2240162007402255,-0.3051581958110516,0.14858504,0
-1.679290361717149,1.1326612403360412,0.06435328,0
-1.8110577699106647,-0.912749486550078,0.12578258,0
0.0259709073210597,-0.6107641418835407,0.35544503,1
0.3378712501470969,1.326339638535974,0.1833814,0
0.4409739109346425,0.3915523040538536,0.29217163,0
-0.3373599782154893,0.6873496304515616,0.18234608,0
-0.8126750220358617,-0.2301974391034023,0.18613854,0
0.8427645820080417,1.867303546986877,0.15886758,0
-0.8975853865617808,0.4036393386480533,0.14316732,0
-1.2098402059798323,1.075886176642766,0.09157052,0
1.4013156674932132,-0.0875910857972688,0.73931813,1
0.1775715081428498,-0.7754300420656808,0.44348565,0
0.4712898953909813,-0.2743207163085831,0.44291538,1
0.6258407046445027,-0.1613035743280639,0.47199896,1
-0.5717971089993171,0.3390141516056147,0.17892037,0
-0.5328625860015204,-1.4832384662611549,0.34431475,1
0.6405816830656459,-1.2437317315029055,0.74177325,0
-0.6171512238777086,1.3315126028426425,0.11982474,0
0.3360206914446697,-0.402905871444341,0.42143926,0
-0.0894595529280964,-0.6717578749877005,0.33190796,0
-1.1942715158413304,-1.650777243168887,0.21422844,0
0.9663907689328148,1.3912447150382043,0.21364711,0
-1.289361949802304,0.4904575896141557,0.10791044,0
0.2329634445297721,-0.1435621253324829,0.33505636,1
0.066984679094834,0.1581444803777086,0.269868,0
1.2666112172939297,2.357155175369933,0.13743676,0
-1.1196252235034805,0.261358059332082,0.13073242,0
-0.5431967015635717,-1.4132526691454796,0.32891333,1
-0.1003065448068288,-0.3364935169828192,0.28527325,0
0.1808470634830872,0.666809736439131,0.23296215,0
0.8684571437377585,0.4391292744813853,0.39470282,0
0.3110985796914577,-2.060773657815683,0.785128,1
0.0248605822099518,0.3617302175394506,0.24467935,0
1.0283377898533,-0.238994600783457,0.65881824,0
2.0960635427113052,-0.5667098544172731,0.91639596,1
-1.355525041605835,-0.2165510489334211,0.13289636,0
-0.0057465866492687,-0.1003296881715372,0.28305972,0
0.7596398959857404,-0.7964543364329795,0.6968165,1
0.0857426559163813,-0.746571434429151,0.40081966,1
1.434637767050995,0.7810240958770405,0.4735571,0
-0.3341724146117992,-0.11671240368812,0.23641512,0
-1.0140036793194538,0.4304007007396789,0.13174564,0
0.8705107298823132,-0.1610218779728794,0.5749431,0
-2.7728996599739193,-2.450606314189076,0.09341331,0
-0.4757587971918293,0.9790446743281432,0.1507227,0
2.36607960901164,-0.2675422114552264,0.9172567,1
0.0262435890741009,-0.3362276386841416,0.30954087,0
0.3577642351124069,0.4659014683635208,0.27286896,1
-0.9516060778809192,-0.8171595789645687,0.20333764,1
-0.0231868601804787,-0.0908000568666542,0.2802669,0
-0.1421988419682057,-0.2461802161398605,0.27399144,0
1.858336434049549,0.4689986409355363,0.7267109,1
-1.0100823426203576,-1.4184244891706388,0.22406404,0
-2.761763646265384,-0.7408665463798572,0.06255589,0
0.4066511241407723,1.0866840506448991,0.21272828,0
1.550015809542123,3.3248224571012908,0.0828532,0
-0.6886655550322025,-1.5948365141815848,0.31903228,1
-1.8235293939751167,-2.4576375223477527,0.17345998,0
-1.0728218474987572,1.99651970802609,0.06720148,0
0.4335696403596937,-0.3965177710775315,0.45694923,0
-0.5622586293512026,-0.3379327010004791,0.22221412,0
0.0423770939217862,0.4161225017146533,0.24147367,0
-2.357516570426851,0.9218489699921846,0.042933043,0
-0.5203630365332101,-0.9391533598439116,0.26743487,0
0.7882662526884918,-1.5119207930024827,0.8258086,0
-0.2646603573962102,-1.482494089017122,0.4404509,0
-1.0240422774797586,-0.8093025777111137,0.19462365,1
1.0519296629443424,-0.9599273654656456,0.8087729,1
0.9869784880440138,-0.466633121958323,0.69828767,1
-0.4654051445207344,-0.2659858139974196,0.22982351,0
-0.7418328877444189,0.4026064179471998,0.15783705,0
1.2780618028493278,0.1195189972942361,0.6490602,0
-0.549928463523314,-1.1831317230662508,0.2918426,0
-0.163362347781098,0.3909685686970779,0.22223595,0
1.8009671141578782,-1.2457601166156511,0.9369246,0
0.1868602307111495,0.8217555824127856,0.2190528,0
-0.4954204874742692,1.3519733163544565,0.12593928,0
-1.976412993439543,2.4492599953529326,0.030113138,0
0.0354064743073212,0.9767924657910676,0.19172606,0
-0.0865904332920974,1.4820130239263596,0.14383818,1
-0.6238414485498894,0.8777884668289659,0.1441995,0
0.9255470441834704,0.908790659053122,0.27629185,0
-1.2914136526460958,0.7898701383881347,0.09661282,0
-1.5828763924013085,-0.6987850015823841,0.13526517,0
-0.7881645517600848,-0.6591277877501913,0.21387036,0
-0.0544116584679584,-1.4859869256791542,0.52817273,1
-1.529939674443686,-0.6305503292510184,0.13670152,0
-1.2086704953591816,0.6418906096962378,0.1076923,0
-0.8781133109646749,2.4827233980998704,0.056276914,0
-0.0911853735399944,0.7643387267922558,0.19818448,0
-0.7701676600046098,0.5302247835791588,0.14841583,0
0.9064564536272024,0.1911405007838133,0.49018353,0
-2.2882827318596215,1.3012921596469182,0.038671743,0
0.3205952444740153,0.0009915201693119,0.32881832,0
-0.6827162254252406,-0.3727361068102216,0.20973465,0
0.3731579492310446,-0.2377447651252533,0.40420306,0
1.8834346815045,-0.96071227762217,0.92627925,1
-0.1632070373167175,-0.1109803741633609,0.2608959,0
0.1031013667622662,0.4950704562689309,0.24056706,0
0.7419676151813785,0.3882019608756027,0.36245602,0
-1.42079829075312,0.1435596591825166,0.11226217,0
0.568359759884237,-0.446363000869468,0.5319392,1
0.7223551976716976,-0.0432873487327429,0.4790072,1
-0.2285628693265093,0.4330662676421721,0.21179548,1
0.5612705611847701,-0.4396131639031714,0.5268105,1
0.03691384056498,-0.9088721027136304,0.4191706,1
-0.8545726205787063,0.2714633066291013,0.15395324,0
-1.4058407168750755,1.069125586884601,0.080083795,0
0.8899444416950228,0.2351430160583938,0.4706264,1
1.6896193626278964,1.3351979108716572,0.3570495,0
-0.8768210203581089,-0.0740969059825983,0.17049308,0
0.2783282106077907,1.124754476787028,0.19956017,0
-1.303200469868726,1.7361935282447385,0.0660114,0
-0.5589523163337516,-0.3437836792185961,0.2230524,0
-0.5835057700671765,-0.3967643319307434,0.2237353,0
-1.2265107247776208,0.1672729111186153,0.12622324,0
-0.1609088250847031,-1.46888722022051,0.47861814,0
0.9061158492471226,-1.579181806668687,0.85931456,1
0.4755492806327868,1.1420486717829117,0.21146168,0
-0.6005617651606207,-0.0302676415319582,0.19807063,0
1.3397253445978912,1.2691949437159282,0.26796433,1
0.1372114657031025,-0.9739040323362762,0.47832525,1
1.721513108519485,-1.4671989741156914,0.9428943,1
-1.3855865214164456,0.9290510995037652,0.08579921,0
2.9395444609609154,0.855695877636159,0.8666844,1
-0.2535962008033127,-0.9721899170204684,0.335245,0
-1.2589082602629236,0.4758716858073918,0.11066471,0
-1.1424062960027457,0.8641979082436765,0.10375343,0
0.8577532564213768,0.7674891354497898,0.29106566,0
0.8306096888663499,-0.0839392553464849,0.5344963,0
0.7384529600620714,-0.228628863617963,0.53888756,1
0.5351732085767416,-1.166281883430938,0.69059986,1
-1.200401318264966,0.477661681183801,0.11489128,0
-0.2163317580013119,0.4822105998571002,0.20956163,0
-2.3846636910599472,-0.7732380173101501,0.08241695,0
-0.945606146479982,0.3119541520572149,0.14341107,0
0.6001058952742833,-0.8406939862037153,0.6473346,0
-1.947429783761563,-0.3703701550220898,0.09560532,0
2.3082018240216073,1.7473975881589316,0.42048067,0
1.2014718372503344,-0.7333382888823659,0.80663997,1
-1.2092202357160868,-0.1999316344504965,0.14485618,0
0.6629740748829978,0.4772131084717286,0.31454214,0
0.4955090098745685,-0.7891556052665012,0.5924769,0
-0.198025340901164,0.8228500972487102,0.18409963,0
0.5313517116655844,-1.4819082049201715,0.75176877,1
-0.3242827877077899,-0.3633899982027826,0.25608733,0
-0.0753949334017785,0.6621002281987487,0.208025,0
0.4951001232911683,1.1861696145460798,0.2080896,0
0.4296355065603053,1.5122812345132557,0.17038417,0
0.2914849000393336,0.4367305847691843,0.26760274,0
0.3126143707813604,0.3900165792624361,0.27518284,1
0.9380107761845156,1.218416683576262,0.23286039,1
0.7631500157515965,0.4301789217229347,0.35617018,0
-1.2063119221129543,1.5042184752562648,0.077662475,0
-0.7742786533171364,-0.5470299200259626,0.20925763,1
1.4480451944715218,-1.088492086620777,0.89124423,1
1.551163321332261,-0.5400812055364351,0.8456477,1
0.5475131874532551,0.7584265717458096,0.26166606,0
-0.2821247786501622,-0.921991655957111,0.31887498,0
0.8151402882011065,-0.2539668511937929,0.5793332,0
0.6775242001603649,0.1444124729798645,0.41364232,0
-1.5501225854088811,-0.7912785490474128,0.14237466,0
0.0660482528787394,-1.286862337343465,0.5309647,0
-1.4017312084119578,-1.3245983019790708,0.17540675,0
-0.4604503630738136,0.1593126357585519,0.20265342,0
0.0315685684962554,-0.5969408511002031,0.35484535,0
1.720366578791105,0.12362524524142,0.7716098,1
-2.1164952432124102,-0.5965524101476343,0.09254924,0
-0.3564068410371029,0.2292361764590439,0.21049692,0
0.6824882834082512,-0.0854700639415595,0.47455445,1
0.6673679848832995,0.6431172986580961,0.28917602,0
0.8509934901831787,1.5639007253033612,0.1889235,0
-0.993663820846721,-0.9151041268038234,0.2030524,0
-0.1292240266475001,-1.2018399729568945,0.42505473,0
-0.4625622718190474,0.8034415318036324,0.16343462,0
1.3102687392427068,0.3475048941262039,0.5894453,1
-0.1377917909866027,2.0585337868681997,0.10048816,0
0.0180620825771886,-1.3627606166804902,0.5293218,0
0.1910465749101354,-1.3574478592519128,0.6010013,0
-1.3094491342557666,1.1020447794121224,0.084576555,1
0.5175983776765707,-0.0184533540383989,0.4025622,1
-1.1053851666119574,0.2131832441751027,0.13418368,0
0.1831561910890039,-0.702642047869432,0.42736602,0
-0.7254768742758381,-0.5337320554395819,0.21426909,0
1.1982847581234326,0.3684441770420114,0.5408661,0
0.0378996767434418,0.3783895749902707,0.24451005,0
1.9309454166098985,0.1296058497852471,0.81404155,1
-2.2340016090159867,1.1244378572377574,0.04325578,0
1.3723385332046054,-0.5320706013676707,0.8136171,0
0.8599913664544507,0.2155250760186119,0.46465907,1
0.2925330304789915,0.5132915582525404,0.2597451,0
2.2072121862196292,-0.4131941365662945,0.9143593,1
-1.4280618480680547,-1.5183652712306035,0.17707576,0
0.21258281854545,1.058158939434234,0.20020586,0
1.247215502700072,2.0850976179461327,0.15889491,0
0.607197538101851,2.705401434424669,0.08924097,1
-0.378531536891439,0.3984420572294386,0.19679224,0
0.6479513724507354,-0.5780334693594739,0.6037448,1
-0.41522164810469,0.7682441353596218,0.16984993,0
-0.3407470939188769,1.5370775848156568,0.12434491,0
-0.6620199494826718,-0.0665865453383525,0.19327112,0
1.054259827427831,0.3697216097421635,0.48504803,1
0.3121424473561126,-0.740707416176824,0.49565378,0
2.5164369153714685,1.090953040675294,0.7399181,1
0.8469467508553772,-0.0183742902159065,0.5215083,0
-1.4834137084873915,-1.060088847107076,0.16021782,0
0.8025632479008408,0.7841867916087598,0.28270665,0
-1.0888036841960935,0.2469953572083267,0.13400246,0
-0.2761707666846557,1.077352596207655,0.15898466,0
0.141135073310704,-0.2291004744675943,0.32315114,0
-1.090381070101918,0.476290079453036,0.12342833,0
-0.5054087078899074,0.0464458954600944,0.2043981,0
-0.6738417274729147,-0.6316073376090932,0.22647381,0
0.1409138803741716,-0.9235887654058224,0.4660183,0
-0.0735167156256901,0.1266435591479123,0.25354275,0
-0.1041780298826384,-0.4735063750484249,0.29810306,1
1.7063213243369049,-0.5447471597255515,0.8694602,1
0.5424521158878862,0.5391983542506948,0.28785244,0
0.4329860903627555,-1.4503279459007306,0.71322477,1
1.097299054781602,0.5763815763294748,0.4286874,0
1.8622811616029216,-0.5108956591126773,0.8859891,1
1.3982452708252306,2.4912078322733127,0.13203369,0
-1.0550459975049262,1.107999603906734,0.10055225,0
0.528129532182301,0.8650483512446067,0.24734142,0
0.7738372190883718,0.0671691390339105,0.47148266,1
0.9636933961213732,-0.8269756933234568,0.7662038,1
-0.1411011266366293,-0.1128966266907413,0.26442567,1
0.0719916687252173,0.3328772982630403,0.25243744,0
-0.8861479035047187,0.977929064264426,0.11772068,0
-0.3685474725751162,0.2000553571106885,0.21098568,0
-1.1664094737795516,-0.3186617284843101,0.15464588,0
1.2740064530975634,-0.4141435945815274,0.77274823,1
-0.5194709410727515,0.051657735643596,0.20242776,0
-0.9326830231032832,-0.9690824858912772,0.21065886,0
0.2953376334267663,-0.2571271713211885,0.38143957,0
0.1067812873755407,1.2494475701867405,0.17537393,0
-0.6862569008373571,-0.3619311506014337,0.20862637,0
0.37664238732476,0.6024962341285993,0.26058862,1
-0.6261906658513405,-0.6637063817194528,0.23451659,1
0.5099687328907554,1.9188640873737284,0.13838737,0
-0.0270058103846085,-0.3753957971763937,0.3029392,1
0.2173998450321936,-0.2004385928725443,0.34344995,0
-0.3810585382489008,-0.5566103832070585,0.25901592,0
-0.6694474312064037,-1.1597481185462208,0.2634548,0
0.2550680734989403,1.837230521784974,0.13288862,0
-1.5711667869189898,-1.34718013903292,0.1610486,0
1.384740099119372,1.627927752650308,0.21335004,0
-0.4556908969136663,-0.3735215449122953,0.23880965,0
2.0766775642877593,-0.0020479492702428,0.8571428,1
0.671797021075242,1.4457830606890418,0.1907311,1
-0.092977516911614,0.2281827004048636,0.24300623,0
-0.6028945815555102,-1.572138192023672,0.34013346,0
0.5192105717488484,0.1443150709879649,0.3559023,1
0.4627750769217095,0.6178327946133549,0.26862174,0
0.4311326176495512,-0.8542377603502496,0.58141804,0
0.8396090227586288,-0.7674024571683933,0.7178642,1
0.12075815010648,-0.6928079583648163,0.40240094,1
1.145038437907148,-1.1109364235855137,0.8477088,1
-0.7671528189303864,-0.9412893179036308,0.226604,0
-0.2034383884840082,1.0414227982455997,0.1671731,0
0.6195155255802256,-0.6336174021027609,0.60580814,0
-0.780031091976544,1.7832197394911224,0.08823404,0
0.0433988836709651,0.1164749358832547,0.27068707,0
1.5349925170224734,0.5824148471890296,0.5920909,1
0.1057043916025501,-0.8258072084307171,0.4264947,1
-0.4695192949553544,-0.9894587925368236,0.28538275,0
1.1293766978437971,-1.0930570432168414,0.84274215,1
-1.1359763114796235,-0.4751368706617693,0.16573396,0
-0.33158194119571,1.2013462165678106,0.14627619,0
1.0658535129306093,0.5019079685929672,0.44371453,0
-0.7700591950790759,1.2895922216320588,0.11268217,0
0.2577850924311055,0.1280870294863367,0.29691786,0
-0.0698457477238752,-0.7703496243603015,0.35336626,0
1.567361857418077,0.4914487411248286,0.634033,0
-1.4218859205435128,0.4414905080871461,0.100678876,0
-0.5414602656522841,-0.1538679427140903,0.2127685,0
-0.3249481635961135,0.0420102892923506,0.22672227,0
0.3737719148067307,0.9120524562123332,0.22849537,0
0.5519408255530851,2.310341698418549,0.1111588,0
0.4234331064333071,-1.3892800285938842,0.6972201,0
1.419138514050265,0.2216357691090152,0.6662013,1
0.6719740243022455,-1.8149926920202388,0.8394976,1
-1.2809004408809674,0.710935463177189,0.1001425,0
-1.4450772860668792,1.8437296178720144,0.057097603,0
-0.5374815442954671,-0.4654514650825705,0.23382613,0
-0.5256240257921971,0.3711051414047551,0.18200742,0
-0.4367737506033723,0.2221823527846297,0.20137738,0
1.048702408202802,-0.9704590896129164,0.8096782,0
-0.6312126741691892,-0.4503892743021334,0.2209882,0
1.1090986359776396,-0.6120918336796217,0.76611805,1
1.1486974898743283,-0.4110134349654232,0.7371692,0
0.0311766619068843,-1.4292588663498893,0.5520508,1
-0.5212129178074569,0.4955705774508547,0.1750656,0
1.288071003656983,0.0455699853538392,0.6731409,0
-0.8457045949382983,0.8063605279540965,0.12844582,0
0.4789268079432277,1.3324063302446945,0.19127138,0
0.2725573204870592,0.6664594491568536,0.24236697,0
1.2974969495878943,-1.384586497608297,0.8998752,1
0.3588549717597171,0.5097438978205969,0.2683562,0
0.0211507420326548,1.2778214893484068,0.16661839,0
1.055169838369879,1.7921113231819603,0.1766994,0
-0.380089972109003,0.6883166154611893,0.17859681,0
0.5624021171572643,0.0555248473447064,0.39732462,0
0.1327372475511125,-1.76296771969653,0.66593355,0
0.0348616807125983,1.1072829902048222,0.18096812,0
-1.4824354022807713,0.3191913245846252,0.10115286,0
-0.0041718156153426,-1.6727881546866985,0.5907788,1
-1.010840939789875,-1.1969098504236717,0.2089686,1
0.5300001014792087,-1.0112553525370829,0.6585046,1
2.3697516518020088,0.495701408738808,0.8321567,1
-0.226076063807165,-1.0562556773763754,0.35805115,0
0.9164147568112588,0.1151610373461389,0.5119898,1
1.00870225337923,0.2899964321075093,0.4960333,1
-1.151974482849848,0.3490143321020734,0.12413107,0
0.7081195970686851,0.1165922592101624,0.43422407,1
-0.3151938012409842,-0.5317183778451203,0.26676622,0
-0.4398360893181601,0.8012540550406057,0.16551398,0
0.820453573842574,-0.8981603551431975,0.7375102,1
-0.5559180623876544,-0.3072303417466416,0.220975,0
-0.5085630109098325,-1.095675381337644,0.2900992,1
0.7580033195494729,1.1925681636102046,0.22423665,1
1.2898341448679984,-1.2162746405264933,0.8827042,1
0.0665305068397072,1.1729380284676447,0.17830688,0
0.6672692007972113,1.009530015197028,0.24040717,0
-1.41847651241114,0.7302752469259715,0.09059634,0
-0.101518071384551,0.1017246009678031,0.25201002,0
0.4469237221098548,0.1975235411543023,0.32046148,0
-0.8430501398490934,-0.62740890234791,0.20553964,0
0.6445439518773701,-2.1226044237053707,0.87010884,1
0.2821291004710041,0.7297385058930911,0.23708524,0
0.2858833905891918,0.935878075793402,0.21784179,0
1.185017754293034,0.1761880985934247,0.59838754,1
1.2655064487383478,-0.2665209920880605,0.74222,0
-1.2153466392847267,-1.9779821508477915,0.24261102,0
-0.6552506374593475,1.012554460035627,0.13485788,0
0.5383467692384967,-0.9403729898128036,0.64593184,0
-0.3010763080567031,0.1161780380420769,0.22476974,0
1.9901391106322228,-0.6535825148973041,0.913462,1
1.1058590992399453,-0.7686537555354116,0.79155654,0
-0.8206589408551266,1.2369118198476434,0.11189321,0
-0.7560202096038663,-0.414124561933587,0.20364927,1
-1.2654440853552495,0.2671231790778555,0.11878948,0
0.3714088922727637,0.5576423240901559,0.26489258,0
-0.6052727910891746,-1.3736749843598952,0.3052305,1
-0.6758592861022096,-0.5340500133464015,0.22036651,0
-1.2653410882988532,0.0859631307723576,0.1267226,0
0.8897148119970517,-0.3936641635271947,0.64765954,0
-0.7469561739715275,-0.5850144288438468,0.21461034,0
-0.905830245760958,-1.1128399075363566,0.21747416,0
-1.886475210788988,-0.3943492300288648,0.10034119,0
0.4047553694405423,-0.4185526287208013,0.45032147,1
0.2304354203662052,0.3561578215697822,0.26848078,0
0.7312358941629121,1.225054149371251,0.21862198,0
1.4355083232727983,1.4667744970987702,0.24432233,0
0.2071337576744037,3.2520504366946774,0.054263722,0
-0.3443481124251494,1.5236479457214145,0.124939024,0
-1.6037823308549553,-0.0346778663723867,0.10623284,0
0.107656114786286,1.3837127931077544,0.16383263,0
0.3525322933539648,1.6454834616360374,0.15386803,0
0.2570239234399215,0.7173197017058106,0.23579529,0
-1.9473343190393224,-0.7955714927251866,0.1107502,0
1.2354574916025496,0.9179543511426548,0.35000494,0
0.6211648700272079,0.1006559489313779,0.40472606,0
-0.3898916313927698,-2.6220425098749014,0.63654655,1
-0.2841491410620493,0.4302118268969455,0.2057959,0
-1.9202481241946172,0.5310278932089789,0.0688743,0
0.3231218010481889,0.1814857717400592,0.30015734,0
-0.3434938967815036,0.2065687092504577,0.21359695,0
-1.1304130983967469,0.0925997378145354,0.13778071,0
1.974232377180086,0.0018473694995267,0.84109056,0
1.5448740435904276,2.0133526732545475,0.17930064,0
0.7238759070559383,-1.6179690428343234,0.82504493,0
-0.0211065737065715,0.2665348452611937,0.24852967,1
-1.2412753647340078,0.3015773789476692,0.11918269,0
-0.0191988652691603,0.1458366367951028,0.2592211,0
0.4698638812259901,0.7065932317730361,0.25935268,0
-0.108320377103816,0.6311918582091426,0.20747678,0
-0.0352642647440159,-0.7611745487811911,0.36248702,0
0.1866965145567444,-0.8208752282980321,0.4588823,0
-1.1436364997029824,-0.109836026742369,0.14647445,0
0.8206507067258567,-0.4431962610104318,0.6346157,0
1.0070949475046054,0.819102057000612,0.30880046,0
-0.4301830518281966,-0.7021624914314387,0.25959456,0
-0.6943542642478197,-0.3519026858698733,0.20703022,0
2.1208310224669535,-0.0554872713868303,0.8697709,1
1.1412556248351933,0.0025268069045952,0.636388,1
-2.3199520109902276,0.6787473038597694,0.048710022,0
-0.102127714180961,-1.4359319273721765,0.49411604,1
-1.0199848535223262,-0.2702926241146964,0.16649067,0
-0.9117659779798448,-1.1810475404798908,0.22095333,0
-0.6898592405024225,0.940976334219942,0.13528626,0
0.0429146809984717,-0.822842295573442,0.40110883,1
-0.1319017125885541,0.8012350595591731,0.19157706,0
-1.2948063811535262,-0.0530875018740685,0.13063106,0
-1.0862697314845238,0.8826577934378068,0.106932156,0
-2.060181566014477,-0.030182395282616,0.0778762,0
-0.0903644410677292,0.820127968507457,0.19381231,0
0.2683982865109504,0.6831643282236719,0.24028996,0
0.861137885963383,-0.3525682669669734,0.6256396,1
0.9811378317472554,-0.0672608889008468,0.5936185,1
0.0984790115506553,-0.0800610211757886,0.29451734,0
-0.4038579907144229,1.3634082998542192,0.13095735,0
2.1402327193891235,1.7713035889897442,0.35302782,0
-0.926603036454366,0.6080744825800196,0.13083279,0
-1.356798720287458,0.2318653455179826,0.11337555,0
-0.461671138870902,-0.7069701929977706,0.25518858,0
0.1945618336477901,-0.8697310161990046,0.4761399,0
1.350053117663414,0.0621961103561679,0.6875747,0
-0.4729847235890704,1.2751720224353085,0.13203503,0
-1.620623684482675,-1.7849225710659171,0.165462,0
0.7332177803273593,0.960708244785874,0.25141352,0
-0.4517323517031473,0.8127485475696485,0.16376038,0
-1.0690223297746488,0.4913087907004739,0.1244691,0
-0.9127473779520334,-0.3613924646109289,0.18278962,0
0.130953402923405,-0.4073165693467644,0.35375857,1
-1.7676436507262103,-0.6065886516073614,0.116585284,0
1.4744680405993944,-2.889311608363297,0.9769381,1
-0.1695954655177151,0.2411145171667948,0.23295394,0
0.0440596203591902,1.6411136942980993,0.13820879,0
1.046422895647409,0.3252207679842646,0.4976014,0
-0.7506640625414507,-0.8758596173255033,0.22676267,0
0.0585803456805668,0.0076804144424083,0.2825162,0
-0.0887175829368988,1.529791879138789,0.1403687,0
0.4769891826784821,-1.098741439263556,0.6577438,0
2.442351512956595,-0.8060534999607071,0.95412034,1
-1.1017592933715905,0.3884452259955375,0.12641685,0
-0.0723674999245407,0.717329426456234,0.20374286,0
2.1126856844678112,0.1641174248753938,0.8401578,1
-0.9033886819160328,-1.377368557560641,0.24066688,0
1.6119085064156429,-0.5574047581258001,0.85734534,1
0.0772569115948396,-0.7266663590803486,0.39395055,0
1.0282176418350832,-1.2632271905630703,0.84555864,1
0.5597047795343086,-1.6597567137385458,0.7907017,1
0.317010414737696,-0.4856658385274174,0.43085474,1
-0.8924376729648258,-0.8523231194142724,0.21163255,1
-0.1491891609547702,-0.593465829610031,0.3041914,0
0.6837552286904686,-1.4851368603436217,0.7961061,1
-0.3863498043209508,0.1010313194676139,0.21519251,0
-1.0866663467080582,0.0254823461316374,0.14499094,0
-0.9823412294630044,-1.0858758976346277,0.20842625,0
1.413398937920676,-0.4757698718690279,0.81372005,1
1.5955825955438594,-0.5857554421720378,0.8584871,1
-0.7194187818493606,1.3484181728349314,0.11296934,0
-0.0221924776536988,0.3227668329436953,0.2433154,0
1.2412448142865442,0.7920063435684138,0.40000993,1
0.2922366095938927,0.9429701952228496,0.21778546,0
0.0660058646169402,0.9775813865236646,0.19429271,0
0.6171086076877786,0.4234539315055507,0.315068,1
-1.1087758030262194,-2.5519617193639705,0.35133722,0
-0.6849214547382378,0.0132380821921744,0.18600975,0
0.7650294357245845,0.2946242215070446,0.4027094,1
0.2012890273372539,-0.8929789234617824,0.48592147,0
0.462281168726446,0.941370821981297,0.23329985,0
0.0914747607264241,-0.2197040432263974,0.3093275,1
-1.2907781479490994,-0.3596847123430282,0.14513107,0
0.4238476368216276,2.1703014481125504,0.11582157,0
1.2987734361633363,-0.2995295134004396,0.7578056,1
0.516596132736983,0.6301031707703385,0.2735619,0
0.7332479172284545,2.259479108814537,0.121834025,0
-0.9379262480262792,0.95337599491343,0.11483805,0
-0.2493397740400858,-0.841575709323078,0.315327,1
-0.453826275315285,-1.628100888888121,0.40320083,0
-0.5050371587864727,-1.7335338715479829,0.4076166,1
-0.6189478848635087,0.4498254967148601,0.16751534,0
0.5931559241100901,0.4586934574511926,0.30449438,0
0.553531258741302,-0.391426027475665,0.5086928,1
0.8461155719684416,0.2190879459075099,0.45796326,1
1.803438461758628,-0.1495624146620718,0.8345992,1
0.175772729992216,-0.0879999237201383,0.30997995,0
0.4692700367874035,1.4235821586189346,0.18131545,0
0.1817531478804994,-0.6079670756448612,0.40695593,0
-1.612281858915105,-1.0544031665826237,0.14864375,0
-1.058010566161074,0.3030079932983811,0.13398576,0
0.4707056805773103,2.043882413048875,0.12688868,0
-0.437141464675605,-0.8254686558958354,0.27123,0
-0.0491190393313491,-0.1714769129695312,0.28177157,0
-1.4225701443150534,-0.4376447795139082,0.13714935,0
0.2894658144846807,0.4419404901958053,0.26680169,1
-0.2948756959374504,-0.1245591364586295,0.24256517,0
0.1884105024955541,0.3500573675118399,0.26441705,0
0.193877477103272,-0.8371225352970765,0.46660292,0
-1.6234675201544997,-0.1467149839684499,0.109218985,0
1.1037008105397497,-1.6723749475567515,0.8998707,1
-1.264544408339887,-2.0838919788201853,0.24241477,1
-0.2975785790035834,-0.379647483558672,0.2608475,1
-0.4607681938801791,0.2331407638010147,0.19787313,0
1.0341354600003758,-0.752066680891784,0.77217996,0
0.1100251106435849,1.2593110430370271,0.17481205,0
0.96412506859672,-0.2328323303920821,0.633063,0
0.2061449855011161,-0.5098824766457274,0.3964333,1
-0.0216372974258908,0.552471422494291,0.22262126,0
-0.8039284152812162,0.2143196009220941,0.16198839,0
-0.4686290501164739,-1.0148421112699668,0.2890633,0
0.0398238875175143,-1.1658932398501214,0.48631123,1
0.2598781143161865,3.1427341401217648,0.059626542,0
-0.6401952141174423,1.1069194210820952,0.13096377,0
1.4107394301102836,-0.3153885650422849,0.786715,1
0.3045172610594067,0.7242894543707695,0.23986745,0
-1.1063040766640435,0.2617880757237239,0.13182834,0
1.4902573795519576,1.835159231579186,0.19579396,0
-1.6819958103427453,0.2240007672672405,0.09175645,0
0.3978745954057583,0.364843922127314,0.2895797,0
-0.541132268905428,1.927289884248642,0.09202037,0
1.5766157426996203,-1.3613105633472935,0.92653155,1
0.8385195924424974,1.282662288859364,0.21850696,0
-1.1624234720330822,-1.559268166683634,0.21189989,0
1.008820044498519,1.100370681525061,0.25483912,0
-2.014866599817774,-1.828119615615711,0.13434719,0
0.8383592428327026,-0.3461977286540131,0.6149173,1
-0.0421589255390601,-0.122757564064267,0.2797536,0
-0.906940024822566,0.3294032790110502,0.14604878,0
0.9850627727538988,0.1122283040817964,0.54144233,0
0.7793011530249265,-0.3423284563260534,0.5902045,1
0.1972033888135102,-2.069560910940881,0.7506993,0
0.2903929745656682,1.514566154498894,0.16226919,0
0.4076736652094989,-0.2941282544535175,0.42603177,0
-0.3498880106481805,0.1149267714142607,0.21876469,0
0.5646336313065202,-1.0384145428464326,0.6773186,1
-1.857847382726279,0.8641067121377407,0.06306016,0
-3.3783058199614375,-1.289754049855564,0.04893483,0
0.4676393146474983,-0.2200846698483189,0.42912567,0
0.3921994835190462,-0.9859964680857676,0.59875697,1
-0.6645877244240975,0.4283465886106031,0.16408615,0
-1.077236848903781,-0.1683306814081748,0.15555733,0
1.3227032825309368,0.5405852513922363,0.5228291,1
-0.5116182885285732,-0.1756118773673501,0.21781957,0
-0.602477043062195,-1.1331591353493855,0.27501836,0
-0.96703762402516,1.6094408790808226,0.08659689,0
0.7994547607474799,-0.1334651319058978,0.5361681,1
-2.2103012434060805,0.3497393508721204,0.06019788,0
-0.1884174899451202,-0.0558379327481073,0.25245014,0
-0.7147330443015798,-1.0401406818499066,0.24053106,0
-0.1437480958116277,0.9104144377100732,0.18214694,0
0.6686262705936624,-0.6551429890880173,0.631974,0
-0.4865685059134496,0.6672707203880567,0.16875617,0
-0.2759510500683725,0.1453950300701193,0.22598499,1
-1.8693516344298904,0.331484996146446,0.07725668,0
-0.5481179079620868,-0.7302101190723089,0.24464318,0
-1.0563408734633022,-2.1915255815810197,0.30626145,1
0.2309111164672157,0.2660426662879373,0.27788076,0
-0.2359055281044338,-0.2534883662434292,0.26109433,0
-0.4410960156619166,-1.055803778020109,0.29897988,1
0.1561352240156379,-0.3602979318229725,0.35380772,0
-0.9003161812767706,1.822946141637584,0.081044905,0
-1.1357147823297709,0.6147601141147253,0.11406017,0
-2.591874928410129,0.4785288843926406,0.043357197,0
-0.076968147879222,0.2703964197388284,0.24169712,0
-0.0084871582966149,-0.2015601705700671,0.28892714,0
-0.0634695233769804,-0.3408593505967939,0.29270807,0
-0.5905217046236114,0.0103235060109542,0.1967556,0
1.035534544363398,-1.3328142833147,0.85561574,1
-0.7569939991156549,0.3403851218906978,0.15972684,0
1.774771445024047,-0.0014957111425575,0.80642325,1
-0.2984006698080406,-0.0829979632910334,0.23878226,0
-0.8344867976584845,-0.7703281137389788,0.21464051,0
-0.4079575176165083,1.1607932287574938,0.14373092,0
-0.0887990780113779,1.032176035433661,0.17690627,0
0.3642249270580396,0.9414279196302702,0.22478257,0
1.8591938074130023,0.2790106512444105,0.77141976,1
0.1219682846649948,-0.3862362003783978,0.3473534,0
0.6957732376375974,-0.5385637735075232,0.6118559,1
0.902230274990719,0.66530209234706,0.32508403,0
0.4224000307283161,1.2267176452847537,0.19911231,0
1.902679680584606,-0.2092304008060869,0.85770625,1
-0.3503295243519035,-1.2915548816605382,0.3640101,1
-0.6405642352059425,0.4549925416703146,0.16502337,0
-1.23390873278405,0.3038255153373713,0.11965559,0
-0.2889729771287878,0.1051820156935119,0.2270362,0
-2.1187627551759,-1.466439032770791,0.12186305,0
0.6052508281143466,-0.0932297599080091,0.4484914,0
-0.7145331538111578,1.126584827718793,0.12453658,0
0.6296747482810737,-0.4285418434686306,0.5529156,0
0.3405207881413492,-0.3181342880425474,0.40758643,0
-1.216822922129052,-0.2676350774133195,0.14742163,0
2.082980964063206,0.0730245761947674,0.8481499,1
-0.7847947212735666,-0.97596706404321,0.22588806,0
-0.8643216538152726,-0.7402196168122865,0.20933455,0
-0.4281988432525447,-0.1000944392525877,0.22320737,1
0.4590015613837687,1.1112606169169184,0.21364087,1
-1.0916907712938273,1.2327817819957587,0.09352011,0
0.7887330188382642,-0.2485022132100461,0.56648046,1
0.1224244051992615,-1.3538960508482325,0.5732656,0
-0.1987092971380642,-1.3365286931677025,0.4305697,0
-1.0624504036661464,-0.3189672199632243,0.1648123,0
0.0864749243762712,-1.72384804188927,0.63937914,1
-0.2852915796882786,0.4585257376991352,0.2037964,0
-2.044650786356941,0.7408455025500555,0.057951715,0
0.2932725340864974,0.4887130057044141,0.26238438,1
-0.9549774061713578,-0.3797845079046603,0.1792844,0
-0.3366837793707064,-0.3346947913758147,0.25244668,1
-0.900054332965019,1.354921064002318,0.10163417,0
-0.373739943605671,1.0116756184734468,0.15627009,0
-0.4826197048171694,0.1180452319985283,0.20262001,0
-0.4041037358229277,0.2073068884401011,0.20621997,0
-0.4795576036610387,-0.2702596167567436,0.22821839,0
-0.7038170368802097,-0.3120905458524912,0.20342627,0
0.9813553448545718,-1.7335876070709064,0.8884816,1
0.4153318672731741,-1.140680781492914,0.6436937,1
0.5026451184657768,0.5488818858752106,0.28173146,0
1.2790349547846536,-1.7018670376166525,0.92125815,1
-0.5740797723921159,1.060651566240704,0.13853368,0
0.3987925905423926,2.557653431122489,0.09082991,0
-0.577661120492356,0.5936883392669743,0.16362846,0
-0.8862967688644503,0.2317661036131081,0.15302163,0
1.271716427514705,0.9613128796086192,0.3466892,0
-0.8980426854370613,-1.2646461493665606,0.22941944,1
2.4367042707008935,1.3731149511466445,0.62349576,0
2.339419415896663,-0.5974401115437242,0.9378107,1
-2.1990312750373615,0.0431930085012099,0.06857808,0
0.8807365714224208,-0.4824900010558562,0.66610223,1
-0.879453019786741,-0.7233387921414105,0.20659047,0
0.5338549927225598,-1.6154905609113417,0.7759036,1
0.1559884630032735,-0.4448525698896106,0.36821947,0
-2.5713039557202544,0.0941752953482391,0.05144644,0
0.0782562604641264,-0.7764905212370865,0.40416512,1
1.2898758036215383,-0.6517079872707692,0.81307477,0
0.2219495164396724,0.2868653857361063,0.2745416,1
1.8640059158322833,-1.3865681922332451,0.94802374,1
-0.7450062151876581,-0.3146793585894624,0.19880326,0
1.8824148875418245,1.3083964305211315,0.43412662,1
-0.0333441982133182,-0.8168781128387864,0.37383372,0
-1.3305531435232565,1.7937247884587482,0.063183755,0
0.5357948219461336,-1.4119395375801187,0.73994875,1
1.7007088312285177,-2.067318298155532,0.964812,1
0.177383732670357,0.4714974491176265,0.25070357,0
0.2197164819640211,0.2804511360873293,0.27493352,0
0.103676885149775,1.826268206745391,0.12659447,0
-2.190293539939402,-1.8303434126652092,0.122398876,0
2.031079517603636,-0.2568034491788546,0.88017935,1
1.9033862872737035,-0.2286052365344928,0.85990536,1
1.498549415748564,1.647773775163299,0.2222099,0
0.4311140899882478,0.9806665697478514,0.2261718,0
0.1019248587777689,-0.5658638277728668,0.3719144,1
-0.3152539979674902,1.7276745845883454,0.114070505,1
1.5847369280933918,-0.68955543660365,0.8690976,1
0.8267670333025422,0.4894106865058542,0.35805598,0
-1.1574472408081993,-0.0697325906803021,0.14331444,0
-0.4626406700375702,-0.5303157008370978,0.24778967,0
0.3557780043899124,-0.2815957685391333,0.4061906,0
-0.5482145906788486,-0.1973526911321971,0.21474884,0
0.7054611526121046,-0.9382470058758724,0.70683455,1
2.0207140473929583,-0.4653780813599429,0.8997127,1
2.007027234381187,1.4331464441384412,0.43159738,1
0.7037056977054853,-0.664565108892332,0.64769006,0
-0.8866956282659619,0.1424781261503702,0.15774462,0
0.9876791079327726,0.99197648874946,0.26945096,0
-1.217832924329929,-0.335216085920841,0.15063125,0
-0.4825343771764194,0.8405066689749559,0.15929626,0
-0.6776924374477974,0.9105698339304048,0.13779649,0
-0.2215011564831657,-0.2414908880301614,0.26231927,0
0.3336981015489049,1.0878980028267489,0.20733218,0
1.0897315827789928,1.0261839093224314,0.27585694,1
0.3239722531755614,0.6229356236066014,0.25253704,0
-1.6351199312347813,0.96198657804511,0.07106829,0
0.635186820294512,-0.1912129658863358,0.48269397,0
0.8161022301164726,1.0500244550135298,0.24622002,1
0.8525441171095299,1.9443608605496887,0.15247114,0
-0.6633188228175585,-0.3185634951395625,0.20861934,0
-0.1587920601157281,0.694871184107269,0.19758077,0
-0.4328099584029045,0.2503424523854587,0.20001532,0
0.8844480662718696,-1.4697904709910554,0.8419152,1
-1.8607540822853883,1.5217257170084957,0.048285823,0
-0.4644651642266837,-0.910157890501561,0.2758014,0
1.3608434184154985,2.237720997034524,0.15076943,0
-0.4677206726338463,-1.7769751498507618,0.4294327,1
1.3676420023223943,0.1301470665632151,0.6749312,0
0.8259490463803059,1.3702024577706864,0.20752443,1
-1.892726090744174,0.516741244658637,0.07063148,0
-0.8689498021791634,0.0476195823125691,0.16471921,0
1.9368980230737096,0.8226932058865557,0.6480459,1
-1.7168595187413649,0.6766005568313278,0.07508656,0
-0.6096845018498825,-1.309857118230125,0.29481676,0
0.1049413362821044,-2.846752418051696,0.8398646,1
0.2627459317120834,0.4138610317061592,0.2664115,0
1.6485805288379465,-0.1628581626654767,0.80892897,1
-0.9849259206912684,-0.1365688745254846,0.1629107,0
0.1271544071491775,0.6744696960962004,0.2268014,0
0.7644791448383285,1.5701884991013215,0.1832474,0
-0.3164345384837742,0.8276308256329366,0.17372377,0
-0.9095356179628994,-1.184173442096329,0.22152415,1
-0.4679838702178159,0.1704502524557122,0.20107882,0
-1.222921465772533,0.4127022067672762,0.11589736,0
-0.0189758432756708,-0.0248093891317,0.2751867,0
1.083582266564287,-1.0953467000857704,0.8348414,1
-0.5243836559450579,0.8723534804279638,0.15370795,0
0.6659331403452996,-0.581880560638252,0.6120653,0
-2.0335286972851616,-0.4255667786256495,0.092086606,0
-1.879404818766328,0.4063534528282652,0.07448135,0
1.242360217324116,0.8614922668722873,0.3748265,1
-0.1861307835640113,-0.4449944331152515,0.27971578,1
0.4193349647928997,0.3557411396356591,0.29340577,1
-1.5038294405419628,0.1363406965145096,0.106605634,0
-0.9705825890509872,0.8392705631048331,0.11713284,0
1.1677765927166983,-1.0249586845529448,0.8407755,1
-0.0595158477059934,-1.3096432761463237,0.48062012,1
0.6271851009227474,-0.7727394536827135,0.6425092,0
0.0105021262548436,-0.0864411304777616,0.2840381,1
1.1600194880921253,-0.1631114292797013,0.6859994,1
-0.5721317579419812,-1.242853543785796,0.2944701,0
-2.3246750285921083,1.0090735874734544,0.04243691,0
-0.9782713846679172,-1.639429628981348,0.25852036,0
0.5362255120998601,-1.4189155941539977,0.7414253,1
0.2481641245507761,-1.0813532298126585,0.5592252,0
-0.2837488869932348,0.765917646970325,0.18102862,0
1.1684384710939804,-1.0619311320853733,0.8456015,1
-0.6239627042306389,-0.1808968920780529,0.20463337,0
-1.1876120738544895,-1.6689541354369406,0.21752489,0
0.8602170162987389,0.049271489304061,0.5074413,1
-0.7138726634563296,-1.2342871611805786,0.26345626,0
0.2195593266929241,1.1323382087098963,0.19445387,0
-1.4759664982225214,1.0178900134618498,0.077783726,0
-1.5150413230263151,1.7857866818944512,0.05572198,0
-0.6786030697214528,-0.2223079972011451,0.20081611,0
2.2108426212728793,-0.9803049520028982,0.9494043,1
0.4607641872853862,-1.347323326480771,0.70161617,0
-0.293395594640803,1.8815927637082563,0.1055768,0
-0.4249100010147706,0.6492519572267247,0.17626522,0
0.2239228655461994,-1.0066541612611966,0.52817935,0
0.1286898364445479,-0.389711691119753,0.35006386,1
0.7124330203201977,0.3477683218525754,0.3650634,0
2.038136953286192,-0.4269031751736269,0.8979464,1
-0.3344275911491329,1.3919873754814571,0.13361678,0
2.6547498690616855,1.38028807042387,0.6930816,1
-1.9364635256372484,-1.664423970478654,0.13795553,0
0.2206639941814508,1.5048501191998402,0.1592379,0
-0.7347033388576478,0.755170079623783,0.14034352,1
0.5239610336347269,-0.9095001866155644,0.6333847,0
-1.3465811833901866,-0.3005005501127845,0.13743879,0
-0.8339415889265352,-1.4669389648359343,0.26755717,1
0.0300286188957247,-0.0653160954919851,0.2849027,0
-1.379486669349002,-0.8970653580630468,0.16322981,0
3.147821283241987,-0.5909200845554387,0.97445244,1
1.1685909102208334,-0.4484568468260147,0.75077057,1
0.8281845870546302,-0.7380058884211288,0.7077249,0
0.3949577144977871,0.635782175738066,0.2590565,0
0.508774149764312,-1.7968215264514882,0.79864967,1
-0.1467133948927801,0.7404731199242399,0.19503927,0
0.2514635706511138,0.1099718412570839,0.29825804,0
-0.2381734926604522,-0.555087591367168,0.2799536,0
-1.0584455163394633,-1.3289177630554347,0.21023996,0
-0.1889357035441851,-2.7436999812292813,0.7376294,1
1.4603965935409111,1.310371719144155,0.28750926,0
0.3301696099251964,-1.5708177101349303,0.700883,1
1.643898637997348,0.5364040279969934,0.6459716,1
1.021744879874816,-1.029588264448083,0.8126925,1
2.294506018606842,0.2410100576883525,0.8570188,1
0.2335305383158261,-1.5153941544786622,0.652823,0
0.1778296471857671,0.4284419350103239,0.2548679,0
-0.4072949404138623,-1.283926186432187,0.34526798,1
1.237494085403834,0.720702162587275,0.42481777,0
-0.4195460012667262,0.3469016235781876,0.19535987,0
0.6632556833256636,-3.078631135984937,0.9418273,1
-1.7063388642650443,-1.1212058528264688,0.14317945,1
-0.4566300076222906,2.637003853020865,0.06124851,0
1.457572316750053,0.7596894745451416,0.49006683,1
0.5353385219584254,1.4537870135801714,0.18201016,0
1.371342345385974,-0.5609752205553935,0.81697875,1
-0.5067242258509396,-1.332174906606647,0.3253768,1
-0.2130896094398633,-1.3779818779853066,0.4351252,1
-1.6842753263579673,-0.4166877852634181,0.11530217,0
0.0009992657127509,-0.753545405364468,0.37318808,0
0.8409709838594811,0.125989484412194,0.4818767,0
-0.218468165740855,-1.26690871812757,0.4061298,1
0.1054140614318768,0.4214051220037915,0.2476882,0
-0.9476772296827832,-1.5818851673330927,0.25794503,0
-0.8482616818985721,-1.0159876502486738,0.22012556,0
0.0164873178241793,0.3872794049161618,0.24141452,1
0.7897587295057411,1.2309286547116014,0.22162324,0
-0.3577535202398462,1.2138592970862934,0.14362463,0
0.716853858615961,0.186872349260763,0.41628313,0
1.171687086261581,0.5525246617203401,0.46359956,1
-0.4730895348819523,-1.505287472037019,0.3689735,1
-1.1542982215909845,0.8349557675131409,0.10404654,0
-2.2522582861007017,0.508107216458833,0.05480793,0
0.2514287559052773,-0.3263194592741454,0.37901565,1
-0.7300543061050095,0.9151944167080098,0.13307355,0
0.0911054840822924,0.2603875391240128,0.2619594,1
-0.6710217253547835,-0.0043228396363107,0.1885795,0
-0.2477521316251737,-0.2311528520815615,0.25791326,0
0.3865769026973191,-0.1476911680076233,0.39011976,0
-0.3634289256622862,0.2197697363513977,0.21028161,0
1.0288354334745726,-2.207457768009282,0.9294495,1
-0.7900721382213357,0.5996573240992126,0.14308324,0
-0.6366562809208537,1.2215236739585058,0.12503415,0
-0.4094008287292764,-1.2856318335029362,0.3449597,1
0.4334432414383877,-1.1795089041758948,0.65795296,0
-1.0980838502524712,-0.1075744889627458,0.15055594,0
1.1521749878488483,1.3674356520399733,0.22882798,1
-1.792791194766001,-0.1401415482723293,0.097459055,0
-0.1751430341153962,-0.5698738002743825,0.29483506,0
0.3466140234911681,-0.9240950713031816,0.56214863,0
-1.509280162547058,2.45234995296642,0.04065923,0
0.3662741664502312,1.3226443614526189,0.18554136,0
0.8289434333773635,-0.4586602153800272,0.64199716,0
0.2339609967766238,2.2187695935506913,0.10486847,0
-0.0685849439176531,0.2788290409918123,0.24205719,0
-0.0898028703966724,-1.5700469360735634,0.53177404,0
-0.0207193691068188,-1.0086940658878674,0.42075822,1
0.9538746192604728,-0.0439848590283874,0.57519245,1
-0.2638139949558788,-1.746132630979097,0.49723375,1
-0.4930481247014775,-1.3915175976003562,0.33937523,0
0.8700590687059452,-0.2159278986580819,0.5910704,1
0.593055487478399,0.3321696250405899,0.32889128,0
1.0547723701858929,-0.3461923674108831,0.6931556,1
-1.1376820161697374,1.3426689503474667,0.08680229,0
1.117104762301571,-0.5344446260333974,0.7531018,1
-0.1729302331934326,-0.2619770762646734,0.27069274,0
-0.92668265902352,-0.1837227810242789,0.17133819,0
0.7678662498832456,-1.065964555419055,0.74915904,0
0.3330967289547293,0.3478214687426049,0.28256083,1
-1.083839622836006,-0.3328866261060044,0.163413,0
-0.2353426286297817,0.9879616294402216,0.1687558,0
0.6391165565584743,-1.4483212715631684,0.77797365,1
-1.7724186708919925,-0.4841673378779971,0.11146871,0
0.5454650814609122,-1.6870010334448504,0.7912208,0
-0.2092706791544019,-1.3497210084534352,0.42958334,1
0.5150064553571003,-0.453715492641663,0.5100288,1
-2.227212655983716,-0.9057151559132254,0.09584052,0
1.598248936722595,0.975964171266004,0.45818833,0
-0.6126388121699317,1.2883359789060491,0.12259315,0
-0.5846183575036382,-0.7641544089355871,0.24154064,0
-0.2400182064630706,-0.1892582683877846,0.25597763,0
0.5491673552086828,0.0473817552596358,0.39511955,1
-0.1423488623582241,0.0911526722263975,0.2471664,1
1.5541894267150047,-0.3539312387696173,0.82142574,1
-0.2354841970711421,1.573405425032198,0.12829898,0
1.6447274013414663,-0.4409376937993466,0.84721845,1
-0.2032004210827624,0.5888463294892976,0.20206566,0
0.0063997567649302,-0.6542934755103025,0.35672075,0
-1.5919462680806649,0.3036678197698886,0.09460963,0
-0.8051860075266163,0.9316606595603946,0.12609601,0
0.2948168275666142,-0.2062343567083037,0.37232712,0
-1.4536193257708825,1.1887793469020551,0.07387302,0
1.6895970698146114,-0.2855180798902617,0.8348543,1
0.2147983385457523,0.1788622079812324,0.28514454,0
-0.3569778503492223,0.1003368386648588,0.21884456,0
-0.0894703465685516,1.0622148974621035,0.17449653,0
1.6742488575386238,-1.043525680169828,0.9134962,1
0.781920494082445,-0.828621894046165,0.7111887,1
-1.8999672352172603,-0.906256813131867,0.11857695,0
-0.4186273167853506,-0.7520270874343159,0.26651633,1
0.9186208061538298,-0.7903410119243467,0.74684227,0
-0.8511638769155653,-1.2380586115094536,0.23463814,0
0.3575587417769611,-0.3879297345618578,0.426135,1
-2.27309542684266,0.7930053112431078,0.04811214,0
-0.5886784069273416,0.2685448636091116,0.18131809,0
0.1102754754237137,1.8287312100115936,0.1267166,0
0.7261242308715109,-0.8009292841828167,0.6857288,0
-0.4828501400663013,-1.3627559515471916,0.3373193,1
0.9266637747403812,-0.931877048473914,0.7729116,1
-1.4890909189542605,-0.6562860676512827,0.14144781,0
-0.1869095492571585,-0.219388827021039,0.26573676,0
0.1843298530189374,0.0400372440158481,0.29677343,1
-1.572285650916123,-0.7366697169739841,0.1378957,0
1.292649949291405,2.274255151716577,0.14503373,1
0.2917528213242217,1.282854287233926,0.18476388,1
-1.1074903745751576,-0.2404272085757695,0.15631671,0
0.5533058660220288,-0.9052936140285784,0.64381814,1
-0.8372839418384364,-0.5787122509207254,0.20385443,0
-0.6520130705560024,0.8481134817202327,0.1431374,0
-1.3715142564124576,0.2773800171078569,0.11046309,0
-0.3617354257846716,-1.0771453809553575,0.32273632,0
-2.1991157567824207,-0.7058082268009892,0.091047175,0
0.2156425677191242,-1.0650317442838724,0.54004115,1
1.8521582284601288,0.4965279602506571,0.71782196,0
-0.4463158557842323,1.5909719762325203,0.115074866,0
-2.305578677547338,1.2710205050011696,0.03866117,0
-0.4802298160158361,-0.5126186864343071,0.24448779,0
-0.0698255064922281,0.2926389987708087,0.24085478,0
0.1518249400086657,-0.9666117618747402,0.48321676,1
-0.0662626937946676,0.3870837286851838,0.23281135,0
1.5220886048551887,0.5842396285593725,0.5862278,1
-0.1887729282735497,-2.182046617692301,0.6267417,1
-0.3969428521187948,-0.3916947868598821,0.24792142,0
0.3488145739523232,-0.6168799598533605,0.47830713,0
0.4445315705222947,-0.8418192651366369,0.5840207,1
-0.2139145698360992,-0.8784970971008162,0.33042622,0
-0.2442125687179792,2.199958909251671,0.08840787,0
-0.6516838194732355,0.1358850946247791,0.18245348,0
0.7290862445034916,-0.5218107761931454,0.6203798,1
-1.5552717553133095,-0.7831058028238368,0.14153463,0
0.1166892340172512,-0.477530586409735,0.36130205,0
0.8875584764226782,-0.8836738412276562,0.75527614,1
-0.056738758247267,0.0070349239190326,0.26683784,0
-1.7426187102068804,-1.2939465007670328,0.14643726,0
-0.1648644185281282,-0.5138521988908414,0.2901994,0
0.726894075260342,0.6478519407596267,0.29491162,0
0.2272393443407173,0.7927893237802526,0.2256221,0
-1.0843671937600106,-2.0770629795219353,0.2812359,0
2.2854574569225288,0.6224237481207993,0.7938088,1
0.9306540575935756,-0.7305393077569118,0.73809296,1
0.1524798653677034,1.1006228730638237,0.19135784,0
2.7728710213685908,-1.109034100446744,0.97615063,1
-0.2926527178532144,-0.3578868397923119,0.26015863,0
-1.5122406232230736,0.0779044476604168,0.10829042,0
-0.1671712823052588,0.8100397803648857,0.1877703,0
0.067486988137221,0.8326632204421457,0.20700805,0
-1.573412557164512,-0.8142804230115209,0.1413905,0
0.6914599091111667,-0.8075596456550591,0.67446476,1
0.9852930623412964,1.0685213348843103,0.25748652,0
-1.4233707200733683,-0.6375274077504578,0.14644979,0
-0.6515166675759476,1.7281121193462117,0.09717137,0
-1.225880103101535,0.6206420535658,0.107307956,0
-1.3056389595265825,-1.125797607164179,0.17866023,0
0.4402550486588439,0.8783039004657487,0.23873013,0
0.090197021179907,0.2871548952748423,0.2590381,0
-0.2214075949739752,-0.1561147219239227,0.25596446,0
0.3080847036193516,-0.4010827533725569,0.41151354,0
-0.3887486285955892,0.7605195544515766,0.17258927,0
-0.652791878154664,-0.8415133304778925,0.23615526,0
-0.3998890422163165,-0.7743569848066889,0.27277374,0
-0.2497093229770842,-0.6364249974946199,0.28712368,0
0.0178873626908401,-0.5199012135071941,0.33770853,1
0.511050629185058,0.1826045085049905,0.3421888,0
-0.7338201104836352,0.2832486346870519,0.1652017,0
-0.2937447887251482,0.7404756795226974,0.18208532,0
-0.5769650680082941,2.087971542473875,0.082402945,0
-0.626773871190574,0.6901607615099785,0.15358579,0
0.7899016046970383,-0.453973756160008,0.625583,1
-0.7096683976363626,0.1904764153881167,0.17298967,0
-0.1557235477955969,-0.02110900946549,0.25439852,0
-1.022598618162457,-1.2772133348194268,0.21168454,0
0.7031777003281438,0.3208999254102103,0.3698487,0
1.1010713024625505,-1.177002612504222,0.8481439,0
0.1696361517870029,0.199557071421133,0.2774542,1
1.936604497814138,-0.2985055749743075,0.8723856,1
-2.108810798412961,-1.5423770599424842,0.12428737,1
-0.6942316613557111,0.7496198744843315,0.14424652,0
0.6552905521072878,0.5204272037055326,0.30500683,0
-1.5589923652879358,1.0692514676241929,0.0718864,0
-0.1686600244807973,-0.8045253687192586,0.33107078,1
0.0713260204654637,-0.135708828118742,0.29536518,0
-0.2491832915764341,0.5083265714776232,0.20412987,0
-0.0455352256225603,2.224890140715976,0.09394449,0
0.849414686363401,0.0254042466842549,0.509787,1
1.0831520167678566,-0.4533041460505187,0.72606236,1
-1.4115222146074682,-0.7948739444432269,0.1553213,0
-1.3226014280487055,1.3723230266308502,0.075369254,0
0.4439689561183711,1.1682469248821947,0.20657636,0
-1.1769673780778376,-0.2565823938068547,0.15055874,0
1.910626846409432,0.341773984537914,0.77030766,1
-0.1032143758898616,1.5878408149567136,0.13516688,1
0.2304975461111605,0.5785824743706366,0.24630164,0
-0.1765520603031909,-0.7034672156064306,0.31357038,1
-0.3678123742382723,-0.2700929137185771,0.24386853,0
-0.7324563000493662,0.2638957943087457,0.16642801,0
1.6880239171963218,1.947128496144955,0.19836277,0
0.36465315060056,-1.6089991085787991,0.7205826,1
-2.0175231004583267,0.4999637801332318,0.06506711,0
-0.6366455810258583,0.0639220360158934,0.18838014,0
0.5305564264944276,1.9967393087030036,0.13309667,0
0.419695650906619,0.7585861640379972,0.24911918,0
1.2282608243518314,-0.0819393440359376,0.68809855,1
0.2687566058317741,-0.0473304555823248,0.3251757,0
-0.254476244520485,-0.1041435922941912,0.24673715,0
-0.1748716113974265,0.4372722018543618,0.21745801,0
0.2914971167801271,0.6535855552357432,0.24558307,0
0.5440022698959368,-0.9515607962811632,0.65059966,1
-0.6400141910879154,-0.552763897271787,0.2259566,0
-0.3258984688860163,0.3468623314894953,0.20632496,0
0.5696122925578565,0.1883955678393279,0.36100006,0
0.1438436756456889,-0.4141754971419223,0.3590422,0
-0.1049491940699768,-1.9541861787823251,0.6124055,1
0.8393099209575109,-0.866241241504431,0.7377892,1
-0.7411941979169708,-0.3748032247352199,0.20294398,0
0.6046089792790238,-0.446109093638412,0.54748696,1
1.2234406270079534,1.0997176044068944,0.2850297,0
-0.0072214518368276,-0.4511880443683479,0.3179098,0
-0.0901959647500475,-0.5392776767598305,0.31040898,0
-1.057149153860268,0.803046832478207,0.11217359,0
-0.3668548725949372,0.7588285814725099,0.17453705,0
-0.6615107374909754,-1.278864017976964,0.28057453,0
0.9998350253575596,1.0438908656272117,0.26257583,1
-0.2603878234972727,0.8585583615047677,0.17612903,0
-0.2846689731543289,-0.6350832934323567,0.2797838,0
1.0808554344295005,-1.2371069418628666,0.85188735,1
-0.0770581277856649,0.728244630861753,0.20241213,0
0.55174965196101,-0.2240800581157872,0.46004975,0
-0.3593486325358525,-0.6741774466577093,0.2696973,0
0.3867532459403338,-0.3325444356984631,0.4260879,1
-0.1759419845575795,-1.4000726061525317,0.45593166,1
1.286063779924522,0.208016531308596,0.6250276,1
0.2318537431162039,0.7646178854955296,0.22874825,0
-1.403739724110971,0.2200427187507153,0.11042676,0
-0.4870957206824755,0.3572116872183229,0.18709537,0
-1.2634988835876904,-0.3743920419027975,0.1483259,0
0.5394065039587306,0.3706637612578043,0.30896622,1
0.7863484934754852,0.9842724783778032,0.25274733,0
0.2571902606811787,-1.350522778217534,0.6251424,1
-0.5052142568451553,-1.3308129255157906,0.32556802,0
-1.138835147550651,0.1442011241317729,0.13458645,0
-0.046245809899875,-0.2265084568592261,0.28522372,1
-0.6666211354553445,-0.9396080318226244,0.2401721,0
0.9299550796627633,0.8821429727783686,0.28076056,0
-0.3900010962146912,0.3034255371487279,0.20158358,0
0.4569445904142489,-0.5404994408168267,0.5075525,0
-0.4797729576521444,1.2938567200229052,0.13044524,0
1.0938323900260782,-0.9533099462897406,0.81713355,1
-1.0158219762259706,-1.9751800245442293,0.2856768,1
-0.3548732974893351,-1.3072798930927274,0.3659024,1
0.5801127995685185,-0.5603880081300926,0.56967944,1
1.6761776233097645,0.1230064927515636,0.76175725,1
-1.431325752363569,0.5247988472612416,0.09704564,0
-1.271382584961192,-0.6631581308080419,0.16216017,0
0.4702418655224918,0.647424149663477,0.26608577,0
1.5795181348482883,0.5008950984464381,0.63522094,0
0.8401173124975979,-0.7504752709804994,0.7143122,1
0.7164403256393284,1.763768702719583,0.16185659,0
-1.0669501905496,1.5677958416124531,0.083226845,0
0.2619483170812728,-0.1219626653994019,0.34038436,1
0.5110509879343542,0.828262005998312,0.25020596,0
0.2127469801018736,-0.285481687758857,0.35917848,0
0.3043553712341252,-0.0922756627111765,0.34777978,0
0.7538708738151534,-0.4445863116035092,0.6087615,1
-2.4350623337606,0.333304299782354,0.05154184,0
-2.037213067756645,-1.3369358318937778,0.1243737,0
-1.1896467622111373,0.4989360554672754,0.114815466,0
0.0864060464559192,0.086561994686131,0.27915826,0
-0.3893918107293032,0.8661974614107852,0.16500616,0
-1.3335417717923606,1.101698143708194,0.08317602,0
1.6200014567046792,0.2645683829623101,0.713815,0
-0.2076533743143532,0.2904552787138388,0.22475575,0
0.1964084578357064,-0.6088230985639446,0.4123214,1
0.9340146439147544,-1.4495049871408294,0.84990185,0
2.12996672621398,0.3098695878526624,0.82070017,1
-0.05937259846886,1.0243996896368746,0.17990658,0
0.1853817523545074,0.7278415446021069,0.22773378,0
-1.2452923148119632,-0.2930471411364271,0.1460539,0
-0.0477501647200689,-0.9596682041031456,0.39779162,0
-1.2606549549434172,-0.0934660127193988,0.1354054,0
-0.4534506986361352,0.5215076552744826,0.18080366,0
0.7620356358032825,-0.2669944846444168,0.56066805,1
0.3577312783116743,0.7033055327399945,0.24798247,0
0.9473527885598176,0.4303682836601397,0.4255518,0
0.2512758510796099,-1.1716605264918325,0.58413863,0
1.165534522499248,-0.7632525868981987,0.80358726,1
-0.9823053388680124,-0.2428540600203896,0.16884139,0
1.216565807433494,1.897737431154664,0.17432755,0
-0.5720015398579555,0.3566698842021349,0.17784686,0
-0.3774841322262713,1.0319864994415,0.15462999,0
-0.3130272234981082,-0.6609390005224051,0.27702317,0
1.831828481505509,-1.077084785604542,0.9294798,1
-0.7553158997673116,-0.1966952732568066,0.19054545,0
0.4812380897385784,0.4204103077045945,0.29416087,0
0.4184362650713393,0.3781966150517076,0.29074556,0
0.0971200619908868,-0.1864589462600012,0.30604076,0
-0.7905883322918046,1.265936291067288,0.112469584,0
-1.1461767692012084,0.5193565199255153,0.11723903,0
-1.1521797447713973,-0.663133334088468,0.17429213,0
1.0871083938613049,2.449428660060769,0.12250541,0
-0.7912207865487701,0.7541011624603002,0.13546048,0
-1.212571837232285,-0.1772412174103343,0.14347637,1
0.9539627952352224,0.1960903394546821,0.5060957,0
0.61304184566186,0.1251780809644834,0.39523935,1
-0.0376016845201657,-1.8362140302981231,0.61376584,0
-0.5327630614277886,-0.5612788530229526,0.24055767,1
-2.7411961077757008,0.5746454285668156,0.037369307,0
-0.7875715967331114,0.3649789708703838,0.15541917,0
-0.1810922813868478,0.6278236310815059,0.20094238,0
-1.0844318038984653,0.2955865737546099,0.13209534,0
-1.083017358652772,2.175036712090573,0.06069381,0
2.044592830797293,-0.261742398942238,0.88244724,1
-1.7179543222859397,-0.2627782499997749,0.107023425,0
0.2813065680964333,-0.2715160390340514,0.37930363,1
-0.8170990119409387,-0.4467263955434616,0.19856495,0
0.1729636501255841,3.0094887584528083,0.06268318,0
-1.2348256250013476,-0.203107982164212,0.14271301,0
1.1758352235148224,0.0055352184551391,0.64767474,1
-0.3581206863155077,1.287978661766265,0.13871431,0
1.6865730326495951,-0.4730186370597869,0.8578492,1
1.345130987638051,1.8828054076019392,0.18178421,1
-0.9340949234648162,0.4192592139102104,0.13914709,0
-1.032459285358993,-0.345764172179291,0.16928576,0
-1.3350959309054249,0.4864572672789186,0.10487163,0
-1.0199147705833032,0.2331356208675228,0.14066307,0
1.2080158960501202,0.7235337758980642,0.41312745,0
1.6068663803359182,-0.5891155649259338,0.8605805,1
-0.6154193383769261,-0.3388164180629707,0.21570225,1
1.070644319249232,2.073570726892114,0.15193672,0
-0.0717378316334006,0.4759497244109634,0.22433023,0
-0.2932702569523467,-0.574587182727239,0.27189854,0
-0.1668738502423976,-0.2881468630335805,0.2729923,1
0.7743040154776809,0.5119843471730667,0.3335791,1
-2.032183845798558,-0.740090600026556,0.102824524,0
-0.3864991181785988,0.7328019713100924,0.17479764,0
-0.6338786469579957,0.3071412048604811,0.1741745,0
0.8036869347621592,-1.630458599130851,0.8444463,1
0.7340179136500198,-0.757599024688183,0.6794036,1
1.0021879302121175,0.0108887935181894,0.5792168,0
0.632738843975487,-0.3745164235687219,0.53779507,1
0.3500110064229144,0.1004436975985873,0.31660852,0
-0.8287439113074684,-1.128726060529364,0.22960556,0
0.2566145297404632,-0.7157589898987994,0.46213102,0
-0.3763549848542749,0.9314684062010778,0.16151169,0
-0.5305908435698022,-0.4710116135265699,0.23508467,0
-2.2346942180698903,-1.0490566229210785,0.100243434,0
1.0808992381936662,-0.6686653996248872,0.76916295,1
-0.978452280267093,-0.0156750220074708,0.1572798,0
-0.0365934639412912,0.1072566269151461,0.26036188,0
1.89878840881733,-0.1061744787188013,0.8441094,1
0.9077801570811336,-0.4371271916674483,0.6645932,1
-0.4735704008530504,0.555812002542316,0.17658912,0
2.512911374778421,0.5248822876561704,0.8501497,1
1.0508510629908188,-1.3714330718701475,0.8628338,1
-0.8404424982386236,2.38067973666756,0.06089803,0
-0.455684981410891,1.0506153372582,0.14758904,0
1.0507390071281657,0.00323750834639,0.60185474,1
0.8514031570098232,0.2947576938273969,0.43645367,1
0.4157851627110948,0.1772021337020914,0.31725356,0
-1.2057063859499582,1.190466254180977,0.08783931,0
-0.0896331746768374,-0.2386174575807916,0.28006777,0
0.8604402863951394,-0.565211556099573,0.6787897,0
1.9161856602767249,0.0036873733051703,0.8314166,1
0.1728444294945702,-1.480046309510839,0.62021303,0
-0.188901499992798,-3.295769194192261,0.8233935,0
-0.209276447354302,-0.0551226895414247,0.24930912,1
0.5231194453293639,0.8293000838666608,0.25105828,0
-1.811607036980483,-1.9438589406389537,0.15087478,0
-0.3984165217601749,-0.9678758474170038,0.29794872,0
-0.1184416464373537,-0.7274369973014376,0.332698,0
0.36674769609432,0.4269048357743249,0.2784187,0
-0.06092188052021,1.0146473500620632,0.18056042,0
-0.2417356445998195,0.4055433022502058,0.2123553,1
-0.4971436914748793,-0.1619511086012727,0.21871118,0
0.0813633323197368,0.2519766635856179,0.26165447,1
0.5345335209916396,0.857549559279733,0.24870498,0
0.3919798566439706,0.5044433925064618,0.27317262,0
0.9996478368884124,-0.4989509885305357,0.7096701,1
-0.4141857300757899,-1.6685027908580217,0.4271815,0
0.6225354786019006,1.8573006330678823,0.14881535,1
-1.5199633807527906,-2.0999653027275356,0.19517522,0
-0.3216115808277043,1.7090868412413174,0.11489093,0
1.43569692935135,0.005425894966559,0.7266552,1
-0.880482785124735,0.6264461826966479,0.13386534,0
0.7157102422666715,0.4812577322870521,0.32756475,0
-0.6216526602956048,0.3394715760932826,0.17357726,0
0.1391766261215929,0.5400753296848145,0.24020462,0
-1.5311734120716585,-0.7090471759610352,0.14020276,0
1.7764100341124418,0.4377082452385494,0.7126664,1
1.5255804224124732,-1.7366232189020048,0.9430574,1
-0.7069877630664487,1.0358339154365532,0.12941596,0
-1.0094744454248603,-1.7547075483340382,0.26376894,1
-1.6018498150928215,-0.7353576735404564,0.13529883,0
0.24506393580708,0.6081898395577666,0.24508111,0
0.2273063748397265,1.6877659287301443,0.1436175,0
0.6028292662177632,0.5757653034748683,0.29083937,1
0.4679868821596149,-2.139949010799472,0.83721787,1
-0.9569804652255716,0.2726466337000217,0.14434952,0
1.1062860490368849,-0.5738770373806943,0.75784516,1
1.5985588147157377,0.058575376546453,0.75663495,1
-0.2801747599093085,1.818102592525904,0.11028471,0
-0.5585685990144752,0.4194963899765402,0.17556812,0
-0.1910916678731864,-0.2504941920991807,0.26727846,1
-0.3600596061027046,-1.563680126159669,0.42368603,0
0.9042751987998058,-1.32685486064576,0.8267426,1
0.9369707153210408,-0.1525784201071754,0.60012585,0
0.6514820687842333,0.5436216895866512,0.30130765,1
-0.2801544094595112,0.1303447650750499,0.22646287,0
0.0783432744360217,-0.9024050999998776,0.43454298,0
1.0498142464418447,0.8209434215810474,0.3208058,1
0.6575080780975089,-1.028293295508162,0.7073995,0
0.2429865402845157,-0.1725838179491595,0.3466724,1
0.3784550717649541,1.314777095409373,0.18712287,0
1.1759875889722669,-0.9169505149586036,0.8278989,0
-0.339124288033194,-0.2382474489469003,0.24542595,0
-0.9916170305165252,0.3932700457127108,0.13539448,0
-0.3188986809773735,-2.072048032123879,0.5477519,0
1.9262373283365497,0.1319524801924746,0.8127352,1
-0.767566576452065,0.1775884530773554,0.16771986,0
1.2540245422390512,-1.791203840165162,0.9245799,1
-1.0712262930845151,0.2455423974253548,0.13557695,0
0.0627512637667881,-1.7364027903948411,0.6325839,0
0.6972874103322145,1.471567807763974,0.18952894,0
-0.3471737515578022,0.1017184615711601,0.21996738,0
-0.6067963170641433,-1.2450425351962024,0.2876278,0
0.441879712351074,-2.005858499890274,0.8129523,1
-1.010372152467057,1.849443355745232,0.07505026,0
1.1170993547270396,0.0594472688048226,0.61063373,0
-0.5605606781040906,1.7426448008910755,0.10086611,0
0.5190281128112105,-1.6666988353917676,0.78025454,1
-0.5593774352037553,0.3014482034930254,0.18253116,0
-0.0925129967222124,0.5157173390196801,0.2187973,0
-0.1128305277928082,-0.3013840722724085,0.28098264,1
1.009926215707908,-1.2973293815806322,0.84615916,1
0.6140658457623333,0.0859896367712426,0.40635633,1
-1.1257479895799132,-0.3010564137467325,0.15765062,1
-1.417956238699548,1.2490773526576917,0.07397508,0
-1.154079350081331,-0.4176210417266848,0.16090527,0
-0.8143371275389509,-0.0541304662832861,0.17590204,0
1.0715068068904183,0.1249490958302553,0.5720316,1
0.1819091774993579,1.4949516546339652,0.15797965,0
1.1152049631864027,0.6314712225071203,0.41408923,0
-0.7715412872300708,0.6983479095467395,0.13986553,0
-0.264253137080082,-1.2728916084166693,0.39048192,0
-0.4275837058627549,2.0559055905943455,0.090073526,0
-1.531126790745425,-1.3556667559793858,0.16465645,1
1.2200845983412547,0.1208540919483671,0.6284646,0
-1.073314827347126,-1.3446790363066157,0.20923124,0
-1.2297256913164267,1.0429636667242308,0.0914766,0
0.3084525520172371,-0.8421379632524777,0.52257305,1
1.0433807386410652,-1.5313876451168509,0.87866896,1
0.8173388962354986,-0.3752541484177092,0.6146601,0
0.5239142143659692,0.639054735888392,0.27336764,1
1.534018089122508,0.5990688494686218,0.5850902,1
-0.587099894638308,-2.179925611730165,0.4649192,0
-1.6699663520761647,-1.6927670105391974,0.15877111,0
0.5605949790218266,0.0385820461237966,0.40136135,0
-0.3419576175769094,1.4275822468284471,0.13091384,0
0.6398231803993638,0.6794961314045439,0.28126523,1
1.9235791599887408,-1.3148348214749774,0.9483715,1
1.0850703879079404,-1.7312465951390232,0.9023927,1
0.3534060194686834,-0.6493779679934701,0.4896653,0
-0.5409907547402812,-0.947174094007644,0.26397705,0
1.1261489192298757,0.9862803340962336,0.29195938,1
1.0905857040063334,0.5639150084339732,0.4309548,0
0.8371157437475147,-1.617174140696387,0.8498457,1
0.2894197653885178,-0.2590656156819345,0.37981012,1
-0.8702404842852206,-0.5023130998400196,0.19585733,0
0.3080299066356435,-0.6170730187725066,0.4588914,1
1.308265924155607,1.1494427696347118,0.29355833,0
-0.6576447187281727,0.3069354343462563,0.17168984,0
0.6728256432633102,1.052156147643991,0.23573427,0
2.053058533608323,-0.262988146151087,0.8836255,1
0.7262754413598643,1.4400379475671687,0.19457239,0
0.6604263185684998,-2.4205064694237435,0.90064865,1
0.2220163274144975,-1.3334007893998712,0.60829854,1
0.803876580795742,-0.828256450173097,0.71863824,1
3.143601211693461,-0.6763658123680397,0.9763559,1
-0.6768108360847217,-0.3958495626605305,0.21191843,0
-0.6280800826127865,0.4762240324307628,0.16509807,0
0.3788105794888741,0.2977296676943902,0.2945542,0
-0.9434313162569986,0.8845996816247788,0.11729039,0
-0.7660344349531975,-0.2298246668321777,0.19131218,0
-0.9312746211889182,-0.5711630024525328,0.1930675,0
0.0550204884400178,-0.9509753453197076,0.4371877,1
-1.999068026853684,0.7314020949330493,0.06010611,0
-0.6613089727397856,0.9063263915479652,0.13943921,0
-1.1296374498573918,0.8198972996992595,0.10632726,0
-0.3974997640912825,-1.5312499756204785,0.4018307,0
0.4709216471054481,0.2973887147365258,0.30822083,0
0.4666490361808073,0.4447200705661512,0.28950694,0
0.1046510559785755,0.6513028425590106,0.22658338,0
0.5559921374119555,-0.2821059478420264,0.47623694,0
-0.2958945588772353,1.2240401581886706,0.14722244,0
-0.0766935836182365,0.7099939327679897,0.20394064,0
-0.7573899243991514,0.1729699698011645,0.1690293,0
0.1519746382941041,-0.8147889061881632,0.44285306,0
-0.3365530213902859,-2.866814814997522,0.7069643,1
-1.6676329614904302,1.2151965512682306,0.06278782,0
0.02407322846407,-0.0597702094808988,0.2837918,0
2.247947084571326,0.424811438650451,0.8224356,1
-1.5662908183068371,0.48912362805977,0.08978258,0
0.0650417408367494,0.021624484543505,0.28212258,1
-1.7903180171894546,0.2739726159997033,0.08352259,0
1.559009582039146,-0.6536562399986896,0.86108613,0
1.8695151797863865,1.3783181831558955,0.40332472,0
1.0769223605587517,1.9055218756635577,0.16726165,0
1.4847362664265116,0.843610999024978,0.46769252,1
-0.1794830734319284,-0.7134314538365227,0.3143032,0
-0.6948310174490747,-2.022616189245805,0.39383367,0
-1.3603916370186022,1.182975014118483,0.07906735,0
-0.0598268126281196,-0.3661962431716029,0.2957656,0
0.8952799854257307,-1.0917067953901458,0.79007983,1
0.4394687246252886,0.1588328223589376,0.3270117,0
-0.2359990044656619,1.009972019580762,0.16703749,0
1.6867742510062207,0.4659252533651378,0.6792477,0
-1.286850143941733,0.5253422964902486,0.10672918,0
-0.8348576555303332,1.944520693185818,0.07869488,0
0.9359789483954448,0.1155831260077741,0.5200399,1
-1.9089469030795445,-0.0674608419504072,0.08781336,0
-1.288960302707305,0.4514905230533031,0.10947301,0
-0.138029413982138,-0.4495212366654997,0.28868192,1
0.601486824442564,0.5275041413885442,0.29673693,0
0.6076739641439486,2.1252060761592957,0.12655301,0
1.1867431566497997,0.2261920032300172,0.5825145,1
0.5269624459753551,0.4121904885210127,0.301133,0
-0.9505405081459556,-0.8949384615506062,0.20689498,0
-0.4072767012303421,-1.2836666208536751,0.34522805,1
-0.4660194726125157,0.7899751364311423,0.1639349,0
0.8081745378477735,-1.811014623527128,0.86614686,1
0.6970392284858852,0.9150922995590872,0.25444382,0
-0.4500218043559977,0.2896205812348718,0.19550472,0
-1.682005470049077,1.079598033532719,0.06560196,0
0.1777294678458618,-2.008939039640208,0.73258126,1
-1.512081014810771,0.8305591227567983,0.08162118,0
-1.0815514868778011,1.3493851130297434,0.090021394,0
0.1456549621224979,-0.3183170113843643,0.34222364,1
0.2395263019716722,-0.3892037110614137,0.38615817,0
-0.7710174865674185,-0.6451265449672473,0.21514656,0
0.0004152687717538,0.9069471215123428,0.1946081,0
0.324230865451217,2.4831385475723877,0.0923892,0
1.7343996635693304,-0.0691398470160858,0.8099654,1
0.7254537938855685,0.7993812931236206,0.2730111,0
-0.753034932758659,-0.246101663012646,0.19374236,0
-0.4736588119682823,-1.0754415631949554,0.29471594,1
0.2916736032464742,-0.0525608695748328,0.33261302,0
0.803680022361143,-0.6714430215259178,0.68445724,1
-0.0342343044547341,-0.5281216509270472,0.32394055,1
-0.1256529950262429,-0.8803474881974191,0.35643724,1
1.4152891323832528,0.4896059516884435,0.5808245,1
0.0172862693025389,0.8048507411373975,0.20493528,0
-2.0023460279701566,-0.2540739315598322,0.088394225,0
2.734375008496215,2.668933101262649,0.235167,0
-0.3510294017606666,-0.8646929265948798,0.29527342,0
-0.4860331927189193,-1.806589108367621,0.4284313,0
0.3447022996832254,-0.3488054860562017,0.4145741,1
0.0995148482947665,-0.3069546791103423,0.3238995,0
0.8184104045500066,-1.1679801815819375,0.7815987,0
0.0800505450039757,1.769030371552658,0.1298457,0
0.6535492690021198,0.4012591823201107,0.32942998,0
-0.7844509949208494,0.9117491354722476,0.12868838,0
-2.3427200976715357,-1.6883193853632663,0.11120406,0
0.3654795723370753,1.6824196087937826,0.15131742,0
-1.057917683497093,-1.5604419939743637,0.23117101,0
-1.5841272711120251,0.5475510416986684,0.08668447,0
0.1409728023225828,-0.9336534218597522,0.46873683,1
0.1150657872126792,0.4732241815255302,0.2438601,0
0.4726623633416155,0.14800128963849,0.3389616,1
1.0480252814442397,1.301616387199774,0.22978175,0
-0.1982756930945741,-0.1953703439720986,0.26247272,0
-1.6257824825588338,-0.7019963762942784,0.13179606,0
0.7642096576068909,-0.2347279011293405,0.55182457,1
0.5986250378145048,-1.074380409120556,0.6958712,1
-1.0807859955006431,0.979226897925096,0.103615604,0
1.8725799662432685,-0.0534228288420767,0.83251804,1
-0.8254682159741884,0.661174004699082,0.13694368,0
0.9981333051236972,1.2378363308117484,0.2345316,1
0.6906165182119209,-1.2887191126229451,0.76576865,1
-1.0161014866241258,0.7157343441799497,0.118877895,0
-0.4919747239899154,-0.6714145902721133,0.24938932,0
0.6007152568954238,-0.3798992219846301,0.525604,0
1.0384545668429177,0.0545309734350588,0.5814989,1
-0.7079177097681001,-1.068012657470881,0.24387456,0
-0.65464077582314,-1.5412377444859644,0.3194635,1
-1.284813760546614,-0.1570086007756517,0.13621616,0
1.2795542965238087,-0.0694550555738977,0.7004132,0
0.8853292118467245,0.999619449082372,0.25888076,0
-0.1227520589036438,-0.4471603924564508,0.29140648,0
-1.2942718001580875,-1.0277764811792451,0.17676474,0
-0.1792974839470335,-0.0236800883110392,0.25111413,1
-0.0129740151029355,-0.9985285617946932,0.42135525,0
0.4697212562660085,1.2555253627542633,0.1989293,0
-1.8189817436249704,-0.1489607031467872,0.09609087,0
0.7000770395380732,0.5253012898351096,0.313014,0
-0.2871089490775242,-0.5569172266202277,0.27173007,0
0.9712028635713424,0.2271058418586835,0.50320995,1
0.5474992806513871,0.3068197316126485,0.32221267,0
-1.0313485237271054,-0.0024715868228603,0.1515557,0
-0.0092853078900112,0.7101332447001336,0.2103049,0
-0.4970257458355788,0.1171276850490743,0.20099962,0
0.1772327653184838,0.0453298015354831,0.2951307,1
-0.8323125035225357,0.3861831522675975,0.15005204,0
-0.4707986094378732,-1.1770290635937404,0.3093897,0
-0.4970121866497917,0.9953610582893824,0.14810012,0
-1.811453198141425,-0.5528466023309059,0.11127695,0
0.4477362749341688,0.3345785522308515,0.29956093,1
1.8671958847506192,0.7721243689464484,0.6425579,1
-0.4288300171263385,1.3806144844543198,0.12833087,0
0.4187531685097652,0.2917973846133707,0.30064136,0
-0.4125777335767793,0.9458077320379338,0.15771188,0
-2.4837824075347164,-0.3058766428673176,0.06433927,0
-0.9822013218819924,0.240200898970488,0.14369121,0
1.6044433409018768,0.2980423497754671,0.70064884,1
2.190038677715125,1.3135591885622515,0.5538649,1
-0.0111120864546347,1.018600526247928,0.18434592,0
-0.841035281487907,1.4192895395959135,0.102184534,0
0.7919454417431442,0.2106340971670816,0.43884045,0
-0.9389298664169798,-2.4832777194812863,0.39537507,1
0.2820831283193977,-2.1148609733260675,0.7854736,1
0.0082005668716477,-1.0449417562085233,0.44162032,0
-0.77906722515134,0.1400420209909783,0.16867264,0
0.5918485955211779,-1.818866531544562,0.8221219,1
-0.0650075883185115,0.3683120773087686,0.23464134,0
1.7416169919459583,1.500210770766816,0.31226814,0
1.1260188473022912,-0.8989444111355673,0.81567055,1
0.0769541976564905,-0.7540260968829544,0.39925408,0
-1.2938629644466824,0.0080555714007606,0.12791246,0
-0.9852269400354854,-0.3537836808564357,0.17461936,0
1.0564039562398222,0.2774817527274101,0.5169952,1
0.7993819531510318,1.259613103916545,0.21879163,0
-1.1300226665192823,-0.9872041300083664,0.19148806,0
0.0506980820064241,1.2292452647262109,0.17263,0
-0.7718801234652518,1.328718726285952,0.11070066,0
-1.142060455566693,-0.0296940690392775,0.14274126,0
-1.7130284931128978,1.4052722375583968,0.056316126,0
-0.1409499480128222,-1.4843558299991797,0.4902691,0
-0.0555602493940533,0.3694100593483034,0.23551995,0
-0.4013045576315929,-1.3627639767956186,0.3622327,0
-1.2555162565143725,-0.2148398042013367,0.1414289,1
0.2783273624295673,-0.2190539566250453,0.3691287,0
-0.5765014227214728,0.4631023903562684,0.17114155,0
0.6811889436380779,0.9026940706736526,0.2547618,0
0.2124254261400812,-0.3237122237001017,0.36568132,1
-0.4576770043857803,0.429120072894623,0.18594147,0
0.9001459946954998,-0.0262770012015734,0.5468871,1
-0.751794465497042,0.5672373574326026,0.14822063,0
-0.7011725885817429,0.1028748267667087,0.17905724,0
0.0520048429259194,0.0164693323014484,0.28087687,0
0.7333079436426793,2.388904890114003,0.11275514,0
-0.1894423264718992,-0.5127805798882004,0.28507853,1
0.1116977947933926,0.1416618040379869,0.27681735,1
0.2656253543941638,-1.3978615082689068,0.63877183,1
-0.3254048522761045,-0.1572359638973286,0.24083062,0
0.2542407163404557,-1.8237350487486623,0.72316074,1
0.2179363653085042,2.346438132042067,0.09642423,0
-1.6762840669132817,1.2178514441125428,0.062334493,0
1.299742678473408,-1.7296991456349646,0.92490864,1
1.447719303996215,0.7827566792937086,0.4777056,0
0.1516782927403238,0.8953877284147426,0.2090753,0
1.036028249159148,-0.8813378755014273,0.7922259,1
0.1443361981801416,0.8296410805530546,0.21434017,0
0.7980797253268768,-0.5303566441237754,0.64870954,1
1.007669489281693,-0.8559873665580333,0.7811151,1
-0.4008141750973185,-0.6296630124319319,0.25957614,0
0.4804076445620026,1.7904301706587638,0.14770846,0
1.394811940057426,0.3852081775399782,0.6080278,1
1.1051307821300351,1.3051184859717508,0.23357825,0
1.5506151333644795,0.7974644497998719,0.50953615,0
1.476646161693396,-0.3995180285483279,0.81433713,1
0.6259038318663265,-1.422077311043436,0.7698491,0
-0.9039197626825596,-0.6272244593619992,0.19895063,0
0.6454834303173056,-0.1720991238901191,0.48168197,1
0.9528501844354408,-0.4390383573069864,0.68052137,1
0.8927079658860846,-0.8652372708839191,0.75379133,1
-0.5464520722899925,-0.7546798259637282,0.24588105,0
0.7883429650580916,-0.8277823401970117,0.71323305,1
-0.5127334673341813,-0.0740720414036628,0.21112838,0
0.7657971968386806,1.2874184712022465,0.2134026,0
1.9650752648283327,0.1387410814391279,0.818944,1
-0.9122742631011128,0.0954174479972233,0.15778925,0
-0.3643856580028596,-0.3645888013142264,0.2506036,0
0.1056271949031437,0.465933215183026,0.24353783,0
1.3270678843658883,0.6347085343739911,0.4895562,1
3.311456860303611,-0.2346827641383163,0.97002405,1
0.5177169271905874,0.0684130126268432,0.37864318,0
0.1398063319759521,1.1426023482643322,0.18679863,0
-0.1240995841594744,0.2739029550832817,0.23583533,0
-1.8295069920031657,0.0450923813472285,0.0888288,0
0.0215099714427037,0.406021803547352,0.24021028,0
0.1750607355823059,0.6639407198968509,0.23262608,0
1.3979058116627563,0.020756753557577,0.71222293,1
-2.0522681740515596,-0.5453267642046151,0.09484156,0
-0.0632251994052657,-0.1175660590696693,0.2765841,0
0.236195148434114,1.064117586199104,0.20178276,0
-1.2310580449483528,0.2708444202382277,0.12129752,0
1.2511909071805205,-1.7971216730242068,0.92468935,1
0.1788181494429406,0.8388927009081718,0.21671413,0
0.611466484784743,-0.2866011554448111,0.5016642,1
-0.1458772082705872,-0.5757779260217545,0.30246642,0
-0.3285788523916471,1.0187835755579755,0.15927683,0
-1.6153221153236477,0.9028865914811872,0.073775,0
0.7051966400156002,-0.3249198260387588,0.5538736,0
1.0416021910658928,-1.4345810772942422,0.86848015,1
0.6067382936427057,-1.841972905271302,0.8286828,1
-0.8091072556407017,-0.5413538251832717,0.20515177,0
-0.6462461858397228,-0.5939244735898963,0.22769707,0
-1.2618541431085872,-1.526653595653086,0.19579329,0
-0.2253823970152319,1.3645800107696653,0.14262502,0
1.4076850034825124,-0.5905935716431087,0.8270099,1
0.6566220550053532,0.9320970970684674,0.2490642,1
-0.6982907007696674,-1.7222392556826054,0.33911264,0
-1.4735632181735916,-0.3352765780905851,0.12833849,0
0.2552814791380404,0.2435265898557755,0.28348818,0
0.4612539267156864,-0.2781515692886873,0.4402161,1
-0.2316388143530744,-0.3898731029119604,0.27005297,0
-0.3586112589879546,3.0295890635165663,0.049385842,0
-0.5389755085619476,1.4499511180320084,0.11764698,0
-0.2328105742770327,1.9486623951789048,0.103684574,0
-0.9777384241545174,-0.66108029629017,0.19269821,0
0.2336121937668877,0.8646614925094958,0.21949695,0
0.4127511442875016,-0.5544203245115187,0.49096256,1
0.2550363057751589,0.9360107557528592,0.21493974,0
0.1218422269333752,-2.2214565418738967,0.75294024,1
1.2971380572575302,-0.4501345545911508,0.7846255,1
-0.2764211399374042,-0.6854619818965908,0.2876014,0
0.0169300125921487,-1.7468840323267312,0.6162472,1
1.7628130876462922,-0.881696916263117,0.909988,1
-1.420967459801216,0.679912137042033,0.092221886,0
-2.025644658629581,0.7309143957021306,0.058982737,0
0.5033683752471484,1.0366626587908834,0.22517183,1
-0.2232632658932068,-0.4767013749884192,0.27634966,0
1.9080990829011644,-0.1759123498048552,0.8546668,1
0.962560547721132,1.45150088573051,0.20642848,0
0.7559243178104529,-1.6099398960046032,0.83135724,1
0.8119369839975095,0.4535826467651999,0.36617365,0
-1.0235252993448696,0.0886530641675649,0.14757682,0
0.0982800915055107,1.9485451579109507,0.11741624,0
2.0503224086044876,-0.0547318607401671,0.8600899,1
-1.2520360135156314,-0.7863906248145133,0.17066848,0
-0.0421585268312869,0.1689766861254319,0.25398174,0
-1.0427297616909257,-0.8513244707601291,0.19472657,0
0.6009312711311966,0.6870133598018671,0.27634194,0
0.9133834556989022,0.6839595127792633,0.32261738,1
-0.933980921308864,-0.9461444574344406,0.21002196,0
-0.0138979344687818,-1.05627038248912,0.4354468,0
1.3488556610632343,0.3966617003449189,0.5872117,0
0.0812065217940699,-0.1558489114256591,0.29889026,0
-1.0428162215139103,0.8670638668035486,0.11064054,0
0.4502711773045019,0.6775516643013522,0.26042914,0
1.9537723303217085,1.0942245021254324,0.5501809,0
-1.3823059635066235,0.4986821288254648,0.10120804,0
-0.4478706970758608,0.2487400113720367,0.19836612,0
-0.2950704875447406,-0.4587031430931237,0.26553005,0
0.5026881479738922,0.4174483843164098,0.2973176,0
0.2905030928713995,0.5311013970049369,0.2576991,0
0.5801788326137004,-2.006584849888353,0.8442031,1
1.8543509982027997,-0.3537196412354517,0.8675389,1
-0.0509415903617528,1.058278268656471,0.17789574,0
-0.8422914698122084,0.9876678163984988,0.12068711,0
0.0846904919883464,1.8878139015790012,0.121167354,0
1.502022992364492,-1.6990636747405998,0.93964845,1
-0.1786623613677775,0.4094935382521396,0.2191053,1
0.6710541547509336,0.0170672866059471,0.44621605,1
0.1395939806191496,0.7183808427965502,0.22417378,0
-0.1861899702191713,0.030117867612766,0.2457223,0
-0.411406955668337,0.4652250405477009,0.1888591,0
0.904562141686948,-0.3987096432830553,0.65415686,1
-0.5107026496848822,0.131725877243708,0.1985253,0
-0.2052630063319903,1.2104445257653391,0.1546437,0
-1.6933530988882073,-1.984568887325227,0.16431825,0
-0.2295812780318622,-0.0623165912016828,0.24692677,0
-0.1964013868290065,-1.7657806630198527,0.53024125,1
0.1227097728136245,0.8565233690274383,0.20991024,0
-0.555969187497923,-1.5329124718445055,0.34723502,0
-1.3171268649853178,0.916538232189086,0.09042198,0
0.3259204364637441,1.1753443923721874,0.19773507,0
0.5325255540253179,-0.7111254203397706,0.5882879,1
-0.7197888265019368,-1.1877548186828977,0.2559487,1
0.1974815295096202,0.3626474388263175,0.26419836,1
-0.504023747528913,-0.1598074711287382,0.2177228,0
-0.2257051074805084,0.9655517232518251,0.17121936,0
0.0893523653676166,0.0028370971701581,0.2869966,1
-0.597078801549632,-0.1015772497501419,0.2028539,0
-1.0573238309124473,-0.2258012668506708,0.16043113,0
1.8590951251416357,-0.6740546221025798,0.90180326,1
-0.2135387375524699,-0.1445826650054274,0.25616854,0
0.1736219405593513,-1.6982628962024604,0.6681537,1
1.2603613369273374,-0.1416110913491823,0.71250165,1
1.0671712103341655,2.444049332553016,0.12207854,0
-1.0088822548825485,-1.228301811459562,0.21055657,0
-0.5333748366376951,-0.851605308331157,0.2546575,1
2.8996559939627224,-0.7993439342669378,0.97236216,1
0.0556776186858429,0.8879346661182579,0.20108731,0
0.7961845982546223,1.4494805833821385,0.19770502,0
0.2705245558644105,1.070798456181886,0.20426628,0
-0.2501517893801339,-2.058955740013226,0.5746493,0
0.0287336260804948,0.6267463790254054,0.22114405,0
0.2477695140462345,0.9828438731634802,0.21002406,1
0.3176740385646559,-0.0701684739275613,0.3461493,1
-2.621032023863515,-0.3996613980025313,0.060552947,0
-0.5402088875516775,-0.2958819642424063,0.22218306,0
-0.8138109446047661,0.8109724423650077,0.13087784,0
-1.8788854521584968,0.4792704089312944,0.07239304,0
-0.9384562190040918,0.1000305854467392,0.15500481,0
-2.2384854015046916,-1.76517503306657,0.11862404,0
1.751550292304594,0.5525930454139494,0.6738158,0
-0.5329470817497847,0.2202625882738281,0.19044998,1
-0.5390416199947845,-0.97815794974121,0.2684754,1
0.7090004249455948,-0.0213750510223125,0.4689736,0
-0.2764870290714251,0.453495754597838,0.20510213,0
0.6183055872974859,-2.3316960288335222,0.8866581,1
-0.3803424742693757,0.3842725688078713,0.19748965,1
-0.1284788348113786,0.3301505989034002,0.23093359,0
-0.3896363807840533,1.22696797980286,0.14058885,0
0.8341671739080755,0.4223834925185711,0.38759935,1
-0.5920499215821085,0.5742087334214242,0.16326572,0
-2.5512854775902754,-0.1213982337056521,0.05693533,0
0.0222334812434539,-0.0454119180667381,0.282478,1
0.9358930064840678,-0.9237596135823124,0.77407527,0
-0.7647896496736019,-0.9846172622745786,0.22874336,0
-1.107252153161674,-0.1435986882739275,0.15148051,0
-0.6546479617609451,-0.6484353897728063,0.22999728,1
-2.370575035283202,-0.3834054015284999,0.07191168,0
-1.0811352103245735,0.2337690715614619,0.13528495,0
-0.8057559862269209,-0.4310104199044824,0.19891125,0
0.6574650525925652,0.8032760285127538,0.26604125,0
-0.5151503098027045,0.1363509273992683,0.19773301,0
0.6738334095506807,1.0502601688997246,0.23602967,1
-1.402921583053,-2.3372357596155697,0.23789376,0
2.436474221539761,0.6480608077520563,0.81839293,0
-0.9175529156030088,1.7661790714259211,0.082669936,0
-1.0873767065564792,-0.877288884845465,0.19108047,0
1.270793603666153,-1.4276155191012454,0.90024686,1
-1.1640581611438086,0.3629892190896927,0.12255733,0
0.2315062155640114,-0.6120008256486461,0.42548817,0
2.7829199542435608,0.5841700340554418,0.87925166,1
-0.5738005789054437,-2.2702397487863317,0.48600447,0
-1.979904021672826,0.2212026461060149,0.07463953,0
0.0006796267167252,-0.1400967817745281,0.28630275,0
-0.7222022532452794,0.9023288308745122,0.13434716,0
-0.9820485950387944,-0.645261121930903,0.19152458,0
0.4665230717638949,-1.1834102328781044,0.6702173,0
0.9698838376409477,0.3521303155404143,0.46041316,1
0.3654701602705354,-0.2598398355904151,0.4055679,0
0.3018320439046367,-0.5353585065174435,0.4354259,0
-1.5649594517793928,0.0882750632867564,0.10421359,0
-0.5811252948314337,1.110759634184728,0.13504498,0
0.7574899401708091,1.512862651935148,0.18874562,0
-1.1699634828681051,0.9363526479062068,0.0992345,0
0.3974034248149999,-0.3423230680890784,0.4314592,0
-0.9758617763917996,1.1021125705319954,0.10616271,0
0.8444153079814326,1.0650350450254793,0.24634555,0
-0.9685763554176708,-0.9573784302126024,0.20692183,0
0.716330110780437,-1.016889446627827,0.7243501,1
0.7142573791638592,0.5109562708782238,0.32005578,1
-0.0216456192529335,-0.8345186019393771,0.3812244,0
-0.2314205570690379,0.7424753859934049,0.18733877,0
-1.3127335240425415,-2.417048541034201,0.26550797,0
-1.417335445861995,-1.3328390823725351,0.17425336,1
2.0691877697387766,-0.7149707847645768,0.92494816,1
-0.8976691830356405,0.8320195434824402,0.123103306,0
-1.990270933968172,-0.1639901002002528,0.08618039,0
0.2329413152751119,0.7766457245261535,0.22770676,0
-0.58560211037851,0.7446886271681014,0.15463945,0
0.0330188054339399,0.573485842534133,0.22625081,0
-0.0859023422225489,-1.1859502872938197,0.4387006,1
-1.2851404369018116,0.6217820867841531,0.10316629,0
-2.1129454389064253,0.31649039318962,0.065399386,0
-0.1264415895731859,1.034404574497437,0.17372496,0
1.1130853859211922,-0.6880479936572541,0.7815048,0
-0.4545076833684601,-0.5486257106675891,0.24972722,0
0.1540745527478219,-2.5515286780036983,0.81385005,1
0.6848778984866641,1.7171078697983,0.16454513,0
-0.6700174317905332,-0.9544403409814204,0.24081524,0
-0.8595895062451869,0.7081795401690417,0.13180728,0
-0.648845571006141,1.0805094265266135,0.1317518,0
0.7954324773487698,-0.5469435314647292,0.65184087,0
0.4195735339872334,0.0575377275960038,0.34581324,0
0.1855829584804652,-0.1263115756873757,0.31743336,1
-1.33718031605516,-0.132551432730885,0.13071954,0
1.8190729603668392,0.3720615576025581,0.7407124,1
-0.0085789491024276,-0.2506187481964947,0.29290038,0
-0.3239300273873465,-0.4922227526472441,0.26365435,0
0.6021824630594383,1.0903459046156374,0.22637942,1
0.602233037085565,-1.2484624752843965,0.7300727,1
-0.1813297501198418,0.0706273193349956,0.24340752,0
0.5940319289602417,-0.7251725108877988,0.61827433,0
1.885651727323425,-0.4772913992454854,0.8853348,1
0.5189850738601047,0.7756333339394379,0.25700724,0
-0.2849604656098076,0.5348201408919514,0.19846988,0
-1.1213089638781124,-0.11603987907188,0.14882,0
-1.134884558500952,-1.9648832727840015,0.25761163,0
-0.855522128682403,-0.0538957614737704,0.17158678,0
-0.6803024737087078,-1.2367140890494246,0.27141652,1
-1.308058177778972,0.079976696221895,0.12355413,0
-0.3563208850171654,-0.5738682836654223,0.26308084,0
-0.2137693170178158,-1.8259660665350723,0.53685373,0
-1.1093392116740146,-0.2663849926262722,0.15746197,0
-1.7859862600881915,0.3500731200292493,0.08131874,0
0.8511269005741636,2.5461901071099566,0.106834374,0
0.6736550231319373,-1.9276592593746884,0.85368,1
-0.3883598613834678,1.5187828421102318,0.12256521,0
-0.0276055538461861,-0.6002634659754528,0.33769265,1
0.0833563109786277,0.6120223194790436,0.2279185,0
0.6510563673993394,0.393550764908308,0.33049372,1
0.5001433396920477,-0.7570976943585772,0.5861667,0
-0.197824457789542,1.301324081841067,0.14881828,0
-0.5073934437708411,-0.1804710495342003,0.21865821,0
-0.8223716296644283,-0.8195360953409268,0.21818238,1
0.4760561522574977,-0.3625156627239472,0.46639234,0
1.7376171046046782,-1.3696460230924867,0.93913037,1
0.040731970196373,0.5730927500319002,0.2270644,1
0.7399045984543358,-0.179200669902185,0.5244107,1
1.0854475473825165,-0.8721498637489287,0.80267555,1
-0.0985318111242938,0.7490722772173378,0.19873972,0
-1.8981886763831404,-0.6081551631393338,0.10720963,0
-0.7057999354633055,1.421310757742943,0.1098438,0
0.9681375962294988,0.3177857384399479,0.4716233,0
-0.2296471629539383,-1.1705898915733386,0.37935072,0
1.0818997676532265,-0.6704358785010269,0.76977855,1
-0.8947927674440004,-0.3566552134769093,0.1844746,0
0.5130959605089718,0.2856046689106719,0.31797254,0
-0.7854371228192988,-1.9553569240451656,0.35375175,0
-0.7328507855517911,0.6799071304553255,0.14424194,0
0.6438305046394802,0.2484027580624895,0.37006193,0
0.5994018626110141,-0.2188402105985821,0.4762056,0
-1.4107053789277486,-2.4115565962258803,0.24133375,0
0.7093774005658139,-1.0007931662180678,0.7195071,1
0.0632651210437209,1.2966963804279132,0.16824701,0
0.6584917340177169,-0.8551842286149776,0.67254037,0
0.7386604312874535,0.0902176985047589,0.45332637,1
0.2073685558469948,-0.6061618520161257,0.41568145,1
0.9887383589904862,1.2034251310346384,0.23847026,0
-0.4459034819217953,0.4780307054090229,0.18425499,0
0.9193337895224786,-0.926365029538321,0.7699521,1
-2.1842517503035435,-0.9951076339547824,0.1016881,0
-0.1621151643807124,0.0398271964534128,0.24840264,1
-0.6361608993220238,0.102014283510816,0.18620206,0
0.0396530623020221,-1.1705736114252407,0.4875118,1
1.4057631944915907,-0.3913050699174705,0.79936826,1
1.3715736439959867,-0.0201447182856187,0.7148886,0
1.0127539980393383,-0.0101764883032324,0.5899473,0
0.1153022582652952,1.3683827846595968,0.1656465,0
-1.86762062222592,-0.2389188599915954,0.096163,0
0.3132426408164577,-0.5455825668266399,0.4417464,1
0.2303426420853667,2.3026525659913935,0.099486634,0
-0.501934675385816,-1.4971854558853204,0.35752437,0
-0.5036650837235601,0.2164452464881563,0.19400631,0
1.7020223824172347,0.6183366773057897,0.6389739,1
1.148932474189925,-1.897338309956359,0.9215841,1
-0.4531512583190235,-0.4736148339144759,0.24562092,0
0.8480469752187334,-0.6451803272123757,0.69321114,0
0.483945876780919,1.037306639698481,0.22357449,0
-0.0828801699085405,-0.4271539764174101,0.29717997,0
-0.7200600173355178,-0.2093271388434194,0.19526796,0
0.1039682012884717,-0.8180968047820418,0.4238388,1
-0.2179717782794465,-1.1882227096217308,0.3877522,0
-1.8807092924345463,0.5505572382066946,0.07028743,0
-0.0554595021731083,-0.8866912785635145,0.37988192,0
1.662727898179866,-0.5182649130622793,0.8599895,1
-1.2112542194451328,-0.5343423985728274,0.16136171,0
0.5466414864972547,-0.6004973948422669,0.5655091,0
0.8051274462169558,-0.7256961400239359,0.69743776,1
-0.5513562518088393,-0.423324777889796,0.22941317,0
0.6532658417365157,1.2914292957548308,0.20630075,1
2.0610128798006513,1.2740605715531308,0.5170984,1
0.4322348640061914,-0.1195212704745724,0.39790678,0
0.1603557458682848,1.1617661185287949,0.18694681,0
0.0290169394304063,0.1578343411983133,0.26479807,0
1.0354027343273773,0.3229760203659253,0.49435556,1
0.449271654907735,-0.8872747221877966,0.59785855,0
0.5798695261684967,0.1423416163753053,0.3789906,0
-0.612372024871418,-0.656665575296177,0.23582526,1
-0.4245051371609827,-0.1050879405875348,0.224003,0
0.8962380643979281,0.5076656547468151,0.3787469,0
2.2438757780000653,0.1379452831628991,0.8632195,1
1.2580459483559685,0.1372776390470762,0.63677806,1
0.8025161171630047,-0.3715964563454966,0.6077561,0
-0.7788418595386596,-1.2862990413008144,0.25587973,1
0.5712229684912395,0.4263131471061701,0.3058332,0
-0.5723756910683854,0.9655224589529676,0.14414953,0
1.2931101858738994,1.0013992191350427,0.33889964,1
-0.4646558816083048,-0.2991840314316702,0.23247826,0
-2.1083857834285338,0.1130567782656831,0.071134344,0
2.60837396880658,-0.9879078456718072,0.9678103,1
0.4208097815848732,-1.048146955277728,0.62467146,0
-0.1780181209179191,0.8757949016357005,0.18181911,0
0.5035929668459754,1.1149825915645628,0.2162827,0
-1.6637114347555988,-0.3045621385699521,0.11245188,0
-0.3514253693286283,-1.6157234264540212,0.43904307,0
-0.9500145433808626,0.9904113809297084,0.11242807,0
-0.9414987914535906,0.315607384174422,0.14359942,0
-0.7746259629045592,0.9376819166833934,0.12831639,0
0.755528152144604,-0.123953285142494,0.5142527,1
0.1811188643813018,-0.296799322746572,0.3505064,1
-0.0433425731471921,-0.1680958638329345,0.28230715,1
-0.6345708355897239,-0.2590386725817832,0.20828345,0
-0.4585858497366045,0.5420526233644544,0.17901541,0
-0.4860203966818991,0.3135264946842295,0.18991637,0
0.3269744253508643,0.6696634056738316,0.24793263,0
0.636689550438774,-0.5055762617996453,0.5787751,1
0.0803695836182438,-1.0375467111970933,0.46985957,0
-0.0880076621018817,0.8990753557508081,0.18771422,0
0.8227361646744807,-1.9437739981571005,0.8824657,1
0.935917945479029,-0.352335831519677,0.653898,1
-0.3659855181866242,0.640873759204321,0.1830574,0
-0.2254278383776017,-0.1581360749954618,0.25553358,0
0.7403736986383002,-0.670059804182978,0.66242707,1
1.4327598908836805,-0.1597298022294197,0.7617556,0
0.9502383746329868,0.4165484431063165,0.43127415,1
0.6405982360360298,-1.661834397599418,0.8114893,1
0.4018610584550654,0.0373814040405932,0.34543565,0
-1.0755446271438989,0.4263726815104063,0.12684178,0
-0.8708519714308374,0.4460028112878972,0.14346452,0
0.2100689878850426,-0.3151079851974615,0.3634191,0
-0.3051529140873097,-1.3178408901483851,0.3858991,1
0.476367303758252,-1.1437902192530816,0.6664013,0
0.4172361796943948,0.1273200518797158,0.32796976,1
0.9106704479514056,1.4714162081557085,0.20131616,0
-0.919332367189898,-0.0715855366689959,0.16602845,0
0.2211147093060066,1.027970917169083,0.20359975,1
-1.6228982899286994,-0.6806556384545256,0.13109669,0
-0.3409558895356901,-0.3740999574062818,0.25447956,0
1.0135600928586233,-1.0281220742881387,0.81055,1
-0.93391388532692,0.7716821358906842,0.12287648,0
-0.1708303652333187,-0.2420614794854936,0.26961356,0
-1.142414435957872,0.8936293153629652,0.10264602,0
0.250027548368005,-1.1117542156755629,0.568129,0
2.0592042318553694,2.037771410620449,0.23965813,0
-1.2785808967554435,-0.4589604106587841,0.15107743,0
-0.3731199588650312,0.5378116988753401,0.18864328,0
0.6428597554873198,-0.3704750375215924,0.5409262,0
1.0970331835051514,0.8067788005310629,0.3410788,0
0.4333668061015026,0.2467285712483483,0.30950332,0
0.8609465328382567,-0.5970600713841684,0.6864056,1
-0.8435613266642663,-1.6802502169350944,0.29144275,0
0.1889108389249505,1.605745430257537,0.14857987,0
-0.2472236699429806,-1.0001565673767712,0.34188256,0
-0.9309055140467312,1.8949716546912547,0.076792195,0
-0.1217436333142716,0.7844845913874119,0.19380522,0
-0.7757580524637646,1.4126420002121003,0.10632304,0
-1.0415000499761915,0.4323139005851281,0.12936498,0
0.1795307694109421,-1.0136126904909122,0.50963664,0
1.9098679269027152,-0.4653200401342235,0.8869889,1
-1.2969396601488803,-0.2927437609714904,0.14141428,0
-1.1880869403873828,-0.4634919659849789,0.15995313,0
0.256060840399875,-0.4729709895975211,0.40674657,0
-1.5740690767767986,-0.5148626134011476,0.12789972,0
-0.7769844325060499,2.590759821029593,0.05512844,0
0.5060439056438859,1.159331460762994,0.21167344,0
-0.6327071429766378,-0.0430559762124356,0.19517517,0
-0.0317880430626605,-1.022036495292015,0.41961017,0
1.6280767437144827,-0.2682187106263896,0.8217835,1
0.5996643575907271,-0.1002430867344369,0.44813192,0
-1.4068962217393544,1.2288359907836792,0.07515262,0
-0.6045018741464369,-0.4850578626155338,0.22638333,0
1.736424911399601,-0.4380469484162327,0.86086166,1
-0.0988890680657409,1.1941225301976814,0.16373074,0
-1.3343875827813727,0.0475376559134404,0.122888945,0
0.4987689286875136,1.194033646300491,0.20749426,0
0.5199673410996943,0.1588478615760354,0.3518176,0
1.8422080381957808,0.1655626505722457,0.7897886,1
0.4452363175216908,0.4069965345442974,0.29097992,0
0.8361654092854431,1.1159736522495636,0.23897272,0
1.3157829289194831,-0.0886275787128186,0.71574086,1
-1.583657694599334,1.1825873389908326,0.0675341,1
-0.1208375632956347,-0.5574589525986476,0.30575323,1
-0.2409487536631704,0.1107814446609301,0.23280105,0
-0.0977632397341724,-0.8948537795081818,0.36784124,0
-0.185589317658048,1.223521097262914,0.15514877,0
-0.44434160958269,-0.8932482728925198,0.27800748,0
0.914649662109123,-0.0610936383396501,0.56365263,0
-0.4864472138598899,0.4787388202358074,0.17979036,0
1.3333925665094402,0.5905675087811006,0.5076208,1
-0.9755884007867488,0.3036156046408954,0.14113727,0
-0.6207608795848187,0.8718217779388404,0.1447789,0
-2.228136065383277,1.419866485396852,0.03849803,0
-1.5187296989376056,-1.1326278803103789,0.15988052,1
1.913747481483804,0.5897471832296852,0.70975006,1
-1.2233901018159852,0.3185807614792871,0.11983794,1
0.0943494010220374,-0.4071445488273176,0.34227607,0
0.6786699768057454,0.1289908212356964,0.41876322,0
0.4159614606986407,-1.488594724241984,0.7151763,1
1.404193660974398,-1.561450039368347,0.9239482,1
2.3749779431036044,0.5671161825138985,0.82112116,1
-0.2257137641180404,-0.1604197521380385,0.2556835,0
-0.3092792332078697,0.0768725522924236,0.22636546,0
1.051231685723574,-1.3791725314755878,0.86379546,1
-0.6697330909965117,1.1944228710557665,0.12420431,0
-1.6725390456094449,0.4502174046348884,0.08465343,0
0.3120315834624694,-0.778805262788711,0.5063496,1
-0.6803784918471147,-0.9289998443225612,0.237224,0
-0.4807385115854746,-1.4907802363637603,0.36324295,0
-0.6530231214295674,-0.0767547037073889,0.19489762,1
-0.2627277211398538,-0.221504287332824,0.25517032,1
0.2628339836786756,-1.3869972785602134,0.635139,1
-0.9474620810080956,-0.5936503013048259,0.19258292,0
3.0128842807759733,1.313266335424897,0.8051666,0
-2.306054455708853,-1.796785408658439,0.11473899,0
1.32637285738414,0.0489063520669003,0.6839319,1
-0.3130758869376397,-0.3748683118866369,0.25843027,0
-0.731969709347371,0.5495164288121344,0.15098922,0
-0.2401426231381013,-1.9679949937270849,0.55866635,1
0.9835206767646028,-0.5107310615648457,0.7071011,0
-0.3958301003524862,0.6518134953997043,0.17923477,0
-0.135074250262522,1.5856912196723998,0.1335138,0
-0.251749249716061,-0.3587576535802705,0.2656569,1
-0.8794248745453488,-1.158700135350448,0.22414628,0
1.0997487594603996,0.0737236292260219,0.599651,0
0.6514205194064686,-1.1241885654499302,0.7220884,1
0.1972641968996767,1.1480492696014606,0.19121233,0
1.0151142390364665,0.4892864005471719,0.42978856,0
0.930938612632352,-0.6769551658690056,0.72685176,1
0.3003885192708884,0.6208882508298773,0.2499719,0
-0.2363081441485341,-2.185327876269673,0.6076353,0
-0.0143946358091152,-0.8482995571975254,0.3863907,0
0.5462622861174998,0.5573829248095098,0.28607163,0
1.1987432800990128,-0.4321818488779595,0.75624114,1
0.0141164258631641,-0.1432573265137408,0.28794563,0
0.7208502342824036,1.8135518423465935,0.15753946,0
0.6192249185986125,-0.0617266987315906,0.44610906,0
-1.4954839538819462,0.5246851159603052,0.09299788,0
-1.3131000594861766,-1.2995095850199634,0.18247738,0
1.3769301392480413,0.0815972342753174,0.69055825,1
-0.3535457168186838,1.4890701440097818,0.12644154,0
-0.9026524235613068,-0.2142842981710114,0.17553328,0
1.4736583443715017,0.0862151403551607,0.7175453,0
-1.374699632896569,-0.2282885775779593,0.13181345,0
1.2379906162117582,-0.6860117440395017,0.8076045,1
0.6817824749528606,0.0609899437874161,0.4397608,0
0.2763750263523817,1.4737148339757151,0.16527417,0
-0.9239507899882786,-0.4352668906691201,0.18584418,0
0.7604207945443198,0.6278106443087272,0.3021438,1
-0.7637712135847883,0.4812196103450757,0.15155348,0
0.541414916246286,1.519814322672789,0.17575587,0
0.1936384813939581,-0.6708230899850641,0.4238629,1
0.2156730946017354,-1.926995287535823,0.72987247,1
-0.946743762476087,1.6188434665267946,0.08725644,0
-1.3197602199898812,0.7010557614220146,0.0979538,0
-0.2485911504553864,0.0482975294005001,0.23610756,0
0.5859825996641558,0.051082144419366,0.4064767,0
-0.3823531457202875,0.5984488088378074,0.18390748,0
-1.4807213772003651,0.1649776760942378,0.10711492,0
0.4044471667016908,1.374623520453926,0.182589,0
0.1050701853630628,0.0079986349287699,0.28861335,0
0.063348154039503,-0.6105923196821547,0.36731204,0
-0.0909863972575702,0.312701348132706,0.2367344,0
-1.2945778366754876,0.6658893097216316,0.10088919,0
-0.715346980298244,-1.9245364353509504,0.37127644,0
-0.1428593321996728,-0.6723674778157234,0.31770706,0
0.7672686287206427,-0.7415323771461135,0.6880858,0
0.2373704316959767,0.0904659441047922,0.29858086,0
0.1742123270791604,-0.2292492827726641,0.3340091,1
2.1085060661447184,1.854419564665701,0.3113194,1
0.2945019004230274,-0.1172444500970915,0.35158458,0
-0.7812998098792936,-0.9580697988409742,0.22554553,1
0.2036971083142116,-1.0154954456787313,0.5212632,0
-2.629372900334953,0.1903699221176747,0.04743953,0
-0.066265893560112,0.5243765585650804,0.22063828,0
-0.2046885618194567,0.7292074431466296,0.19072793,0
-1.5715144640630865,0.7622226801578499,0.0804156,0
-1.548919412481358,0.0671398499144267,0.10613054,0
0.7305696968608102,-0.3590885914411452,0.57500446,1
-0.2933427407401593,0.7511100128213513,0.18131997,0
-0.5545394332338829,-0.2499020464898571,0.21738565,0
0.572087764846225,1.144745213273714,0.21775262,0
0.2742075877608498,0.8529034810644169,0.22447017,0
0.7531883075120901,-1.3325574643401887,0.7902216,1
-0.5877880122800827,-1.0165617686324495,0.26262432,0
0.1217571536515237,0.2220243590376105,0.26982635,0
2.063701622581363,0.7906979126174855,0.69678205,1
0.4105721643296749,0.0881782738921912,0.33510226,0
-0.3201073852361196,-0.3483777679262983,0.25566384,0
0.7919560599567189,0.568504991675766,0.32333937,0
0.6576456284528881,-0.2172097938005075,0.5004067,0
1.9326217437516977,-0.6942442637161537,0.911264,1
-0.1882717757030708,0.462864484908687,0.21397798,0
0.2715107027748479,0.4038096785736552,0.26856202,0
0.9059984918873252,-0.3670124628898678,0.64689106,1
0.4475719802449841,1.3138497742265427,0.19137247,0
-0.3210910309031505,-1.373287450021381,0.39300027,0
1.288493309316702,-0.0698272746338781,0.70316154,1
-2.061694346573236,0.1616933528180665,0.07212342,0
0.0989216267063491,-0.8395775873184803,0.42717052,1
0.3196912594947132,-0.5026694357657889,0.43527254,1
-1.2511710689993718,0.5304538952657873,0.10905149,0
0.42985571777691,0.1091453943417466,0.33573678,1
-0.3189542424938515,0.1174192409275627,0.22244412,0
-0.7415277213707485,-0.1853299423914154,0.19141419,0
-0.4048323558024775,-1.0534952051508368,0.30698857,0
1.764859436912154,0.4739540851524419,0.6997842,1
0.5349887136274067,0.3820961034297585,0.30631563,1
-2.113644465974774,-1.1498544186537938,0.112287134,0
0.4237426292434406,-1.000777571698486,0.61484826,1
0.0849573177561114,0.6031934073523543,0.22886802,0
-0.5270269802086646,-1.4082657643036522,0.33261424,0
-0.1625890279830693,1.4899999580119854,0.13833345,0
-0.9413419994252872,0.8936585841569087,0.11706834,0
0.394615799532085,-1.616949042303503,0.7322811,1
-0.56842194037226,0.3766958814801827,0.17704286,0
-0.2913525186067918,0.5150327249270416,0.19917719,1
-1.0342423856891094,-1.4047888844923029,0.21939683,0
1.4804501924141769,0.9013212718591024,0.44408235,1
-2.424472475859083,-1.076248303932816,0.08930545,0
-0.3300154808407398,-0.9109501721405848,0.3053047,0
-3.070754597686894,1.6338865933599542,0.018858038,0
0.227863340760609,-0.1302366683306568,0.33005494,0
-1.106232163985182,0.5903845005906024,0.117288336,0
0.3831998614488109,-0.5886701268636576,0.48681918,1
-0.752495269073528,0.0644200105877527,0.17580271,0
1.8849728673155104,0.636813318087901,0.6886906,1
1.5770144121668754,-1.0481207801105028,0.90347624,1
-0.7819765264301243,1.390089486675407,0.10704826,0
1.25049006485375,2.1195304905849586,0.15608256,0
0.5954405701755552,-0.2509716542262297,0.48378548,0
0.2597560747609296,0.2903115185238866,0.27899364,0
-0.9100755232914596,1.3091225896122871,0.10281313,0
-0.2805307380632089,1.0225822950425674,0.16267557,0
0.3598876131313352,-0.4636652363596183,0.44207025,1
1.2136739742698484,0.7391697013362004,0.40949264,0
-0.904145336454818,-1.7256965611372788,0.2833403,1
0.2120283338188026,1.2079978936692817,0.18671057,0
-1.4094182170548344,-0.797416009220576,0.15565099,0
0.8166524294020004,0.1708103277051462,0.46103644,1
0.4951941299797582,1.8971906485103496,0.13947608,0
0.3439541119356482,0.7607680519814713,0.24039063,0
0.3430167465250028,1.6609719045500035,0.15198924,0
-0.5495489414166147,-0.7566083203317834,0.24556448,1
0.5354313631222868,-0.9039631681902898,0.63659644,0
0.3348857413109825,-0.3451889939805792,0.410556,1
-0.4630175129455445,0.0827829799266881,0.20712894,0
-0.6146739835868854,2.353580939615885,0.068861835,0
1.0672497344407768,-0.2688300609435363,0.67937416,0
-0.5316687821001157,0.2449124612206363,0.18906152,0
0.6037839023660031,1.243043803398706,0.20860602,0
-0.6768771296544601,-1.3976838598262642,0.29157072,1
-0.6223391871180628,-0.4724476582430771,0.22339359,0
0.6659144756126543,-2.0183443595988826,0.8626235,1
1.9339753686812124,-0.6606695517293836,0.9084777,1
0.2255580822749001,-0.2772717226133002,0.3619361,0
-0.0003736283247353,1.7210626266748688,0.12970912,0
0.6971838226459157,-0.2399179189608193,0.524507,1
-0.8243113997394477,-0.5152246538224472,0.20193413,1
0.1923100467455107,-2.164743739776196,0.76636505,1
-0.4866767678838989,-0.1779789447407661,0.22106235,0
-1.4583368934268042,0.719173516459202,0.08850376,0
1.690025557470893,0.5280633700830494,0.66266084,1
-0.3317872774272606,-0.7114253385042358,0.27907148,0
-0.6776584035460068,2.340379179606761,0.06764534,1
-0.3842968478430967,-2.022453558133266,0.50931877,1
-0.9727302580092136,0.1453936241761026,0.1493787,0
-0.3046516637501497,0.7949970835866457,0.17709671,1
-2.7548103785417815,-0.7421609869401998,0.06289575,0
0.2777440266901753,-0.4706689035947002,0.4137435,1
-1.6691739768316634,-0.6592567560060714,0.1263948,0
-1.9573252456140775,-0.4459013344895805,0.097516455,0
1.2630406415008737,0.4416622559772337,0.53857577,1
0.6399963733600184,1.4082090381405934,0.1928105,0
-1.315782249774232,1.562975425904257,0.070235334,0
1.1386723660323337,0.8319268161735736,0.347221,0
0.4534473509709183,0.0033601777019264,0.37474334,0
-0.1181681072097351,0.2264487124215456,0.2401232,0
-0.1380830986603224,2.4811624527878315,0.07736316,0
-0.984612526814679,-0.068248472431729,0.1593824,0
-0.4422346869428014,-0.2188807425505121,0.22940154,1
2.241773511352305,-0.0141423607973889,0.88014495,1
-0.1174071750102244,0.4273193529325555,0.2240333,0
-0.7260189862351287,-0.057969269303343,0.18563691,0
0.5124846349669941,0.7268288044885369,0.26183724,1
0.2425568335228819,0.1302968600919592,0.2944287,0
-1.0288972615542606,-0.8736979861082966,0.19750723,0
-0.3836694262244072,-1.3425068289763276,0.36377504,0
-1.1577022641138497,0.3570639176502346,0.12332033,0
1.811615099025757,-0.5490757033979071,0.88384724,1
0.5266350384549086,1.6425568541560136,0.16321708,0
-1.0100841001358618,-0.1518500463728155,0.16122425,1
-0.0008798708169758,-0.1631219080930421,0.2872724,1
1.4947775036316548,0.6708922556037291,0.539847,1
0.2932656521275818,0.4221731446715408,0.26936284,0
0.0191388491226991,-1.0912788570321044,0.45797986,0
0.3117894876224566,-1.1975714463081475,0.61539465,0
-1.0427522575480372,-0.67869456039544,0.18674774,0
0.5177802305152355,-0.5240144836051701,0.5311079,1
-1.2464912755511592,-0.4473454977977459,0.1535142,0
0.3759281297358976,-0.3641330629726793,0.42812932,1
1.4297685669096054,-1.4921153122421082,0.92187613,1
-0.1413777087427602,-1.1114150275390071,0.3981044,0
0.5914096291644718,-0.1555139241295505,0.458179,0
-0.6484798777907482,-0.9399256351869932,0.24309883,0
0.3883560889099743,-0.1590179643842423,0.39295337,1
-1.000287565281958,0.9799933312652238,0.10920693,0
-2.5176625207260988,0.1455602878908198,0.052381698,0
0.1432929070679501,-0.9241716767464389,0.46716493,1
0.6270603844999787,2.488837114905349,0.102452315,0
-0.3417173121506967,-0.6213151402110175,0.2677824,0
-0.7090991451742227,-0.4326592515738334,0.21038137,1
-0.1197384057185553,-0.0802191736331243,0.26487464,0
0.4629136589344677,-0.917957535381768,0.6112158,1
1.4925375025212353,0.3735295995135998,0.6454726,0
0.914040185693656,1.4132174699325073,0.20788181,0
0.6353827423312675,-0.5631515427224665,0.59449965,0
-0.8157319135356186,-0.1847702289437152,0.18316787,0
-0.619549104822474,0.0804358734447288,0.18930331,0
-2.5107154787878314,-2.590706668758919,0.10884262,1
-0.169140938322806,-0.7751012660224029,0.3264085,1
0.2041570287067688,0.2957523083921116,0.27160588,0
1.735542413963172,-0.3593384921138802,0.8510579,1
-2.956119923222842,-1.3627686238228571,0.068008356,0
-0.3561236898732589,-0.3743594821128883,0.252392,0
-1.430961615982942,-1.2541889084363178,0.17078385,0
-0.1414963017894928,1.2139478323184956,0.15909138,0
-0.7460205403945602,-0.6992148137321069,0.22141136,0
2.2726870126037895,0.4665923445559484,0.8197586,0
1.3434231554554623,-0.4735008027357566,0.7991138,0
0.1906221412789843,0.0751320629006835,0.2934212,0
0.1085620692343551,0.8140284593502005,0.21244171,0
-2.335340672579776,-0.2939894502717622,0.07116441,0
0.0141556631570122,0.5789493053063929,0.22387388,0
-0.4291015710692182,-0.7827841007643815,0.26797083,0
0.6987317997829071,0.1524983354151868,0.4195532,1
-0.7399561936239517,1.0087442218184095,0.12793523,0
-1.1106297724343517,0.2432607419464542,0.13232715,0
1.125568773009538,0.0893271867732605,0.6044243,1
-0.6847163709271715,-1.7020175410617124,0.3395516,1
0.2146216475819103,0.6781213523232124,0.2353992,0
0.590792966477068,3.052939121972465,0.071439,0
1.9473180507964167,0.7209813385229211,0.6829481,1
0.0403463648902905,0.298288164830344,0.2522031,0
0.2792435425731808,1.0518394879960662,0.20672905,0
0.9329706984295584,0.9759426224476604,0.26678827,0
1.213138953901366,0.8131321808007449,0.38248304,0
-0.9172232084332076,0.3106447526458619,0.14605746,0
0.1534716864757975,-1.314309847646188,0.5771522,1
1.4190391950903003,0.4406219325917824,0.5983151,0
-1.4793748014792574,0.2591869820644968,0.10360001,0
0.6050972480015175,0.9461684966433926,0.24352296,0
-3.3722016748355963,0.1211213974876239,0.028285678,0
-0.0605066053198038,-0.7911463799496942,0.36014956,0
-0.5318929574746682,0.1204821247592417,0.19678006,0
0.5245169404757648,-1.038526379369646,0.66243064,1
0.2558560227442413,-0.6189882568359629,0.43632334,0
-0.0819545954958651,0.975032336346032,0.18201989,0
0.9311040726589958,-2.7816650887995,0.94985884,1
-0.6008832143595007,-0.0462803820893871,0.1990101,0
-1.0650942077745198,-0.3789069911303233,0.16774787,0
-1.6791474769462102,0.4671126715406924,0.08370955,0
0.1008974223380772,2.047421670182365,0.11071134,0
2.1747306778913673,0.5702471922190014,0.7806339,1
0.6654133405905366,0.674987312877608,0.28447208,0
0.164054983286805,0.7508204857681813,0.22350098,0
-2.0524896169631375,-1.5902980511754543,0.1287279,0
1.065956412676058,0.9162621218488926,0.29628444,0
1.439664351980279,0.2006183866345907,0.6781674,1
-0.5694697073619509,-1.021690033714352,0.26745582,0
-1.139500513869664,2.2532319139341404,0.056333035,0
-1.5418992740907005,0.0810495728556796,0.1060835,0
-1.5904354018717295,-1.4098382285128248,0.16094744,0
0.2780697566762885,-0.4020549705562483,0.401456,0
0.9338190302323228,-0.0199320952841219,0.5594046,1
0.3371547660373277,0.9787507243827396,0.21871364,1
1.5711470314394,-0.285204567767248,0.81408954,0
-0.0326393612024333,0.6873759736177791,0.20998275,0
-0.3450344582038309,-0.7908949437700339,0.286458,0
-0.3492694291834523,0.0983849092711275,0.2199267,0
-0.104031834195779,-0.3704087256151525,0.28807962,1
2.2029545982700767,-1.9892097532406752,0.9791812,1
0.6001700747059278,0.8572333857197924,0.25404182,1
0.7934267627851797,-0.9443160799856756,0.7365757,1
1.559908963838652,-1.2661759848283638,0.918711,1
-0.7766573040242576,0.4024168280047681,0.15447685,0
2.3159432117998175,0.3884083201231508,0.83959323,1
-0.9565202939963624,0.3400447977599719,0.14104058,0
0.778326961815906,0.1761569584137136,0.44398767,0
1.4886703411883646,0.9994267437174712,0.41003907,1
0.20930736119082,-1.7178070786383703,0.6857265,1
0.577149407771274,0.2403467803514342,0.3482713,0
-0.3895280335743198,0.6667269311345716,0.1790243,0
-0.4682607931914576,-2.547429375300993,0.5868471,1
0.2235641471058808,-0.156086123759585,0.33465403,1
-0.29651211190531,-1.259332280776287,0.37547162,0
-0.0909425475608715,-0.95062200800729,0.38059047,1
0.2940229005212681,-0.3345218651302859,0.3947476,1
0.6558543055342966,0.499197819724168,0.30867916,0
0.1676352728382732,1.345400732371272,0.17092869,0
-1.1275738030449192,-1.943068551108514,0.2570744,0
-0.1202154439442332,-2.344621641149666,0.6882195,1
-0.6962503920071372,1.7601008522603705,0.09335943,0
0.2968413502106948,-0.6237662498855063,0.45544237,1
0.6948554175529527,-0.1776050249215258,0.50439715,0
0.4897501499777154,1.0026818394017845,0.22818881,0
0.1644695698882179,0.6608684727371178,0.23181547,0
0.4298605152636194,-1.1171839658514089,0.6439508,1
-0.6421554796624347,-0.0367411757415782,0.19372654,0
1.5994128488786157,0.0088747618775012,0.7667939,1
1.1546861530337875,0.1845727958640627,0.5840809,1
-0.7333735393769406,0.7849210078570729,0.13900812,0
-0.1442166726455171,-0.9529747976616196,0.36407942,1
0.4516441101768607,0.4704753491511682,0.28466687,0
0.4324746968038623,-1.8631960932918064,0.78799033,1
0.0145451126280557,-1.2497787820981892,0.49728906,0
-1.118424937803037,0.3656747327014065,0.12608725,0
1.0375307875464923,1.417778773187618,0.21497677,0
0.4923875609735393,0.7628600178828161,0.25583124,0
-0.2886254225955998,-1.10063567429193,0.3474706,1
-0.376197182241465,0.7569747164693598,0.17389168,1
-0.9987441533609506,-0.0246648305554548,0.1557876,0
-1.6147008191303112,1.3336672710883024,0.06219374,0
0.0813771313860761,-0.2571519071701206,0.31222957,0
1.5650451277140638,0.9048313813214822,0.4734015,1
0.9675898933573416,-3.05383772512399,0.96192,1
0.2301874258790502,-0.3094763011539209,0.3690393,1
0.968134437571634,-0.2157300287418453,0.6299598,0
0.0108654405726309,-0.9201335709749132,0.4114741,1
-1.462202556981291,-1.788973495377726,0.18361627,0
-1.9968517494300504,0.2589896014641424,0.07265864,0
1.0740485616979494,-0.3370118668925124,0.6974247,1
-1.071441906518123,1.1384970286424794,0.098345004,0
0.7966464006545185,-1.493532416945106,0.825292,1
-0.096247705546023,0.594407173825384,0.211711,0
0.4497266062637067,-1.8466284897199183,0.7901969,1
-0.0614532895018774,-1.48189464087979,0.52418864,1
1.5988530796165537,1.341380448623702,0.3206428,0
0.1637405595731242,-0.8827516365126153,0.46517745,0
-0.2768950022186916,-0.7754274207639078,0.2999846,1
0.8930727340923175,-0.7571776159507111,0.7322804,1
1.1413746292476274,2.477277914239759,0.12271787,0
0.3198983470118792,-0.3827666605277865,0.4122372,0
-0.5495326114538419,-0.016209140510081,0.20312017,0
-1.9724299924072684,1.598803847115886,0.04314188,0
0.4306643964171362,-2.3285025565545547,0.85233206,1
-0.5313632470055337,-0.9723830092415218,0.2694419,1
-0.3942167616822579,-0.1870488958463268,0.2335408,0
0.4477643605405192,1.485206604249756,0.17399473,0
0.4370711164055019,1.2812944121414838,0.1941941,0
1.906783776713832,0.8495708156410064,0.62744004,0
-0.0478284718024309,0.0617045563449666,0.26300365,0
-1.1533068350356068,-1.9031867050667948,0.24817806,1
0.8923170183212584,0.1045661293156763,0.5056198,0
1.6098051564634088,-0.5868911407070108,0.8607364,1
0.2044803868697755,-0.4861097779505087,0.39162356,0
-1.7738330635268411,0.7690855174961702,0.069529325,0
-0.991780671617226,2.742570967222695,0.045524545,0
0.3629468927401853,-0.2060163796055662,0.39463156,0
2.069300872083304,-1.479929249471058,0.962107,1
0.8814547119945321,0.5394333481860786,0.36025992,0
0.9808760999997752,0.4109336859219328,0.44420213,1
0.3040062812684927,-0.2712780707521044,0.38684142,0
-2.0948551539379485,-1.1043278940590993,0.111901745,0
0.2153798104594146,-0.6315057583319333,0.42366764,1
-0.3271009603528574,-0.329456729938635,0.25342616,0
-1.848780908538726,1.5494564399062216,0.048162296,0
0.46598601779858,0.0592630768842848,0.36218747,0
0.3477707887502365,-0.260132669740592,0.39960584,1
-0.2509656920176402,-0.9865021149420752,0.33845434,1
0.0618245834577785,0.8990790876859576,0.20066369,0
0.9639939692633288,-0.1037933357731654,0.59724396,1
-1.6849439039344578,-1.0704006043142864,0.14311843,0
-0.1179466029267612,1.1281260955442027,0.16721208,0
-1.2377122937197256,-0.0487814851580702,0.13526288,0
0.5689893263269504,0.3311368664971291,0.32261032,0
-1.919798953897694,0.5834237219210697,0.06747694,0
0.4056539057141355,0.7528724125955004,0.24827652,0
-0.3145858968803042,-0.100242805309104,0.23786524,0
-0.6154211875125468,0.5507588652255201,0.16222514,0
0.8289555229037618,1.3069143958917728,0.21503145,0
1.2121623572860072,1.4512429330110057,0.22229765,0
0.9903049384375566,-1.3138162220724563,0.8441567,1
-0.0082607495161207,-0.001730307005709,0.27452362,1
1.99534096353024,1.1808069056997796,0.5300842,1
-0.2904177479432722,2.5168393106539657,0.07097529,0
0.8470393508390075,0.2361476142664824,0.4530622,1
-0.1838331402256389,-0.1064246425609719,0.25739536,0
-1.36285757701959,-1.6777004808299023,0.19108118,0
0.3700133706614784,0.3918424621914569,0.28274325,0
-0.4687908828332559,0.8192826704973456,0.16185896,0
0.4763306649434091,1.348185270601016,0.1894648,0
1.361827015481054,0.5424102969899653,0.5381292,0
1.0836504492859662,1.7539283705396165,0.18167368,0
1.0731663959710322,0.7027630703043621,0.37156022,1
1.780326364195274,1.427865505183568,0.3544651,1
-0.5941675418132694,1.5702075435102798,0.10802662,0
-0.5130202367049538,-0.0279642996989185,0.20816632,0
1.1262100044750385,0.5854743952050885,0.43585867,1
0.8437495313878549,-2.9528991078779274,0.9504345,1
-0.7126931531313209,-0.0355982734022702,0.18579958,0
-0.8167803466028907,-0.8199120439627204,0.21875097,0
0.1148388286101593,-0.8824044807602262,0.44460863,0
1.5636658812053286,-0.5345947400057184,0.84690416,1
-0.9421521733110236,0.9414483543820064,0.11501535,0
-0.6880605450141679,0.205757690113834,0.17437619,0
-0.6534768054198323,-1.9576753595230845,0.3966259,0
-1.9231277208704465,-0.3159131942401158,0.09532019,0
1.424040978440335,-0.5915126896643137,0.83001345,1
0.8328628373357106,0.5867993982094081,0.32824203,0
-0.8708368343650866,0.116376590921008,0.16072397,0
0.3641338753960218,0.3156636664344227,0.2904623,0
0.5804203329738514,-0.7196157614434654,0.61108303,1
0.0166061859034269,-1.8124966487757044,0.6306306,0
-1.2924420507741223,-1.004343387792127,0.17594317,1
1.4723723625849996,-0.2919527818697534,0.79555905,0
-0.0953567648855275,0.248879489516893,0.24113874,0
1.0870440087682267,1.7618212598032892,0.18107834,0
-1.2566499614527016,-1.4434842257725655,0.19194758,1
-1.9735845317013263,-1.2655634750277514,0.12707277,0
0.9761897090062078,2.2802311343531767,0.13049679,0
-1.5938885806076335,-0.7540982626992985,0.13682882,1
0.1722796570417935,0.8870624251641803,0.21171516,0
-0.9143671362247046,-0.8739180175669161,0.21002044,0
0.4317673856291982,-0.4914467088311975,0.48203447,0
-1.3054110329988566,-0.6268806190182551,0.15696499,0
0.5540335297581074,-0.0753236375587084,0.42598718,0
2.318609157081245,0.0617579180975626,0.88164985,1
-0.0046757674746176,-0.2108609118880459,0.29026586,0
1.4096293263381612,-0.2447644226891897,0.7731374,1
1.5259778536337243,-1.0779145424387655,0.90003365,1
-0.4322910778919244,0.3947037740842042,0.19090033,0
0.7316336009366499,2.178539198266696,0.12777816,0
-0.2127764886747545,-0.3033044000667469,0.26778328,0
-0.4099053750656481,-1.0367824150503853,0.3032089,0
0.7052337189673099,1.143210243114498,0.22685991,0
0.257114081720619,0.4724466466835672,0.25963712,0
0.6130722517872379,-1.584971723485242,0.79302233,0
-0.3572376648475142,-0.3478725959322237,0.25048262,0
0.4995110371644851,0.743697409008522,0.25852808,1
0.979358586288801,-0.8641024521713244,0.77554506,1
0.1527116126364325,-0.4792928629093939,0.37317565,0
0.6539870666701644,0.2882968382570096,0.36165938,0
-1.994149941671599,-0.411892304912369,0.09406055,0
0.420261476304033,-0.305365470429115,0.4322636,0
-2.450966725239376,1.3048309202110089,0.034264185,0
-0.6712584044217257,-0.9156036134827584,0.23770386,0
0.1951743245820344,-0.7241633645043397,0.4377756,0
-0.3635671185664473,-0.8722369169368869,0.2934317,1
-1.3549239139057605,0.6651383179883383,0.09696581,0
0.4429884017729744,-0.5029080814914638,0.4904707,1
1.0325687810415498,0.9397671154277916,0.28387263,0
-0.4711601024007725,0.4916267578351424,0.18067558,0
0.7000912058359603,0.0273592078515591,0.45424172,0
1.5908889076130306,0.67459446804617,0.5767251,0
-0.634057600908402,-1.90349021150564,0.39437038,1
-0.7886511063122764,-0.8984330314448722,0.2234038,0
1.785181838149048,1.6163344249327791,0.2859101,1
1.5086447897250856,1.5505902316193592,0.2399889,0
0.6653882656213002,-1.9253681604130248,0.8517574,1
-1.658648024289246,0.9552143442807918,0.07008067,0
2.3394824579611098,-1.208778306623946,0.96448886,1
0.070374369326725,-0.0504044195992019,0.28873932,0
0.705615879661268,-1.0536323719538243,0.72697407,1
-0.0524547298288988,0.1528546676312497,0.25403452,0
-0.3523883620028523,-0.2128714637051723,0.24143331,1
-1.4113218890586745,1.0841742807131725,0.07930661,0
-1.1667541516049589,0.4778183187231701,0.11742188,0
-0.8407763473023913,-0.7120028905693879,0.21055079,0
-0.8146672316386679,0.3234029764401308,0.15502489,0
-1.3549805875308198,-0.6298501607577105,0.15239833,1
-0.2824314553503688,0.0417041208616765,0.2321753,0
0.8362248761746917,0.9925375066569976,0.2558598,0
-0.3035052542114159,0.4209223665097626,0.20410691,0
0.019012213695757,2.0297451938124147,0.10851583,0
1.7199175781979337,0.4334787433935836,0.6977516,1
-2.480751725799215,0.2436895233770028,0.05170643,0
0.2400110355464427,1.5624239359842396,0.15511882,0
0.8510888583362222,0.5915908840308997,0.33133334,0
0.1260716936596425,0.0771873950660801,0.28505298,0
-2.0592457819523275,-0.0067336452708389,0.07721215,0
-0.787722156723341,-2.048368271546376,0.3673298,0
0.1073780168278785,-0.6532364692099153,0.3898536,0
-0.5280165155252771,1.4490205479056908,0.11833546,0
0.4289137919103319,1.2486853460801708,0.19719453,0
-0.4283678973099171,0.8365812989434155,0.16396157,0
-1.1087181869319942,-1.3575518421755584,0.20527925,0
-0.8033351200645097,2.682206854664592,0.05134249,0
-1.2568266557221737,-2.92457846118061,0.36801112,0
-0.1554561689721263,2.1745138199919607,0.09292684,0
0.6902275035652133,-0.5010995513733413,0.59915966,1
-0.3654692810516476,1.9281198927272192,0.09984867,0
0.3535454468372069,-0.7840511853110188,0.52770084,1
-0.5411552649620791,0.0371903983300215,0.2007977,0
0.0323040388744624,1.0807649738225371,0.18289518,0
0.0644388657519819,0.7061881843775702,0.21778376,0
-1.7139360900752592,0.4495294527905256,0.08226102,0
0.9754146403943816,-0.6595670529316914,0.7367795,1
1.280750792200805,-0.5815135318373105,0.80226487,1
-0.8269845330753828,-0.295818501370952,0.18840271,0
-0.6927925654015583,0.433964387631616,0.16095589,0
-0.4667195616648463,0.6123432399290593,0.17399572,1
-1.456527466265204,0.351334333884686,0.10169673,0
-1.1107934381050464,1.0317116250805147,0.09965632,0
-0.5484503004660103,-1.293056931346746,0.30738986,0
-1.638584748785512,-1.0425148118941192,0.14597422,0
-0.928461985099361,-0.3480595450349658,0.18032688,0
0.8495269664675162,-0.1763038180152434,0.57062244,0
-0.2967208150976365,-1.2962596498193963,0.3839674,0
-0.6702131323216604,-0.6028597220445177,0.2251692,0
-0.2498384300568818,-1.2091876177696217,0.38091654,0
1.5919668117919912,-1.2521946249629354,0.9206844,1
0.702750780266613,0.7227440928718117,0.28153235,0
-1.7407790089455708,0.0307379736472884,0.09474592,0
0.3177116006683091,-0.010500300186034,0.33061054,0
0.2956083286458897,0.8198574802759977,0.22968626,0
-1.5683419888663144,0.5977253166556075,0.085946836,0
1.017703993793627,0.2162887702431044,0.5217974,0
-0.1134048449083762,-3.3025907407293364,0.84312856,1
-1.1344027868021709,-0.4062308142702889,0.16225037,0
-0.124939271837683,1.0918448179115594,0.1694217,0
-1.2832821328021788,-0.3749905297542241,0.14654535,0
0.5392303061954162,-0.2464679901162817,0.4608162,1
-0.562033095226453,1.0869247348682214,0.13777794,0
-0.7919986597759838,0.5057415672125462,0.1476483,0
-0.8623457657341883,1.265433203487382,0.10778769,0
0.1169628891259196,-0.9215114035439068,0.45546466,1
0.2249658509394726,1.0537184848579475,0.20169058,0
-0.9501521579054746,0.5489962082512214,0.13159773,0
-2.2478242319018427,-1.5772054400622515,0.11549804,0
-0.7563572697695156,0.7154155662805776,0.14037365,0
-0.4623177033368394,0.3870084136317562,0.18801437,0
0.1142090672543918,-1.3552672906589809,0.57027304,1
-0.358027125111702,-1.043292609317393,0.31808615,0
0.1806459055172728,-1.335417586894042,0.59256786,1
0.9140375237186829,2.8403745357189765,0.0911475,0
-0.7228456569455771,-1.003533153193302,0.23633921,0
-0.4465638694039322,1.0113643564742518,0.15079242,0
-0.5187138579320099,-0.1185777097411413,0.21325706,0
-0.6237432599508561,-0.9241695260659766,0.24581373,0
0.2946748795190356,-0.4103175080737486,0.40860105,0
0.2797540985618497,-0.4925841861555159,0.4188134,0
1.5002641538337658,-0.6305697096527233,0.84868175,1
0.4697155285131952,-0.0335609004211163,0.39065775,1
-0.1721535661676794,-1.3405097621159126,0.44240847,0
-1.4078451589733043,-0.8206245349571153,0.15698153,0
1.0607448169886249,-0.6593015749663322,0.7617071,1
-0.386481962865521,1.2485065860994746,0.13939069,0
0.005573103984428,-1.4068932333887176,0.5354366,1
2.5054421378029863,1.276447276578146,0.6795147,1
-0.3810384217649854,0.6620164234048636,0.1802055,0
0.5746882474140877,-0.0988959547027739,0.4388555,0
-0.2864328966785316,-1.5353990557680324,0.44496277,1
0.9924854641332508,-0.9953275702352644,0.8004261,1
0.6244928075056371,0.1897565899868933,0.3810065,0
1.045751485430097,0.3234192837773425,0.49798045,0
-1.1487371162813669,-0.7570043523882416,0.17949061,0
0.4858097671088563,-0.7624805535964163,0.58132523,1
0.2446489053793189,-2.536628159140746,0.83543587,1
0.4652954432660344,-0.6860742735158721,0.55218196,1
-1.6184802813157018,0.9156803549796442,0.073239446,0
0.1725627714825557,-0.8512161678319732,0.46073338,0
0.2810826352545166,1.1070557773976533,0.20157197,0
0.7908728213587445,0.6743570842117176,0.2981356,1
1.0062453569383338,1.1216785278384611,0.25142068,1
-1.057093227163839,1.1929881704965193,0.09726064,0
-1.5620878660862465,-0.3819702254828858,0.12323411,0
1.8201487338475064,-2.0665233267795795,0.96946365,1
-0.6931436444903666,0.1053269398484289,0.1797788,0
1.3194045865126054,-0.5933589774936338,0.8113474,1
1.4841906477795397,0.5369883888616692,0.58979535,0
0.870130160060125,-1.5994946544171222,0.85449797,1
1.2130922440308831,2.0330649820836477,0.16194624,1
-0.2635163725045457,-2.340437679961075,0.62947387,0
0.1155057922098499,0.7266568951980232,0.2210483,0
0.8024688706889469,0.3112840568897053,0.41216823,1
-0.5478391076185921,0.1009725728539154,0.19614108,0
-0.728914222815866,-1.0775782837599408,0.24126105,0
-0.4019140175758093,-1.210836704536681,0.3341773,1
-1.842655164272728,-1.1625382492086225,0.13365734,0
0.6284084614794506,0.4991700595568206,0.30400065,0
-0.0736376952414989,0.6281677726176296,0.21103536,0
1.5165587416261317,-1.4696287800308594,0.92811185,1
0.4319636904077896,0.0663641074520495,0.3476449,0
1.711767132109015,0.3000698816019774,0.72993886,1
0.9945627418625596,-0.6457305757155154,0.73966426,1
0.5235228750339337,-1.297129075203093,0.71309495,1
1.2572031866369735,-1.1137860051135908,0.86647534,0
-1.3338117501311206,-0.3121606956579942,0.13908127,0
1.0519498535732754,-2.365575970049587,0.9399701,1
-0.0538779489641856,-0.3244122254914051,0.29265928,0
-1.140103173989658,-1.8852283980587523,0.24918726,0
-1.1796841067429482,1.075279999874477,0.09352367,0
0.8252250455534206,0.7384931904549479,0.2920692,0
0.2462730353068648,0.3719544912324238,0.2687121,0
-0.4583003416214227,-0.8150249302420595,0.26565894,0
-2.1821032507185945,0.289291135210277,0.06292887,0
-0.0786273339479538,0.5455863046033563,0.21758445,0
0.5299658018331905,2.477499480456782,0.09978689,0
-1.0886418878770543,0.3466283835310499,0.1293868,0
-0.5934166696062,1.7160592243301678,0.10064264,0
-0.9805434824818364,0.1841677510998368,0.14666797,0
1.0711143799207696,-0.1582194975411901,0.6540189,1
0.0139233155111191,0.0313106485352962,0.27455217,1
-0.4206967071754467,0.3206709371370554,0.19689913,0
-1.156258087339677,-0.6725526379896257,0.17438744,0
1.8437564807167537,-0.4621709974022869,0.87860256,1
-0.6674843755681806,0.8448137270575282,0.1419125,0
0.8548171579259356,1.1915370090088813,0.2306784,0
0.9693690006254152,-0.2467620875002733,0.63886946,1
-0.322840798133838,-0.8249144214874005,0.2962446,0
0.5985014762709558,-0.6934171274231242,0.61210895,1
-0.0422050718044638,0.0493539568003075,0.2649315,1
-0.9270237874037662,-1.5838062573695837,0.26237407,0
-0.8023006081095931,-2.0822695808162424,0.36805356,0
-0.1230122957918885,0.942566007115843,0.18126145,0
1.2086089849619464,-0.2920393558424212,0.7303413,0
-0.3411623127245967,-0.7504710205457891,0.28182867,0
0.11648402836019,0.2726196104823781,0.26377806,1
0.929379179188056,-1.4902037399218184,0.8537451,1
1.0750403609184678,0.6492485891824127,0.3927309,0
-1.2132229674109738,-0.646347043600626,0.16708922,0
2.6900477228331567,-1.5689831128793763,0.98280346,1
0.9885207025530106,0.5992093201039455,0.37962574,0
-0.3108466209777428,0.1918698515328414,0.21854737,0
0.4161643842024051,0.3386460713303974,0.29493442,0
1.364584148302662,-0.364020955089829,0.78548867,0
-0.7373444480198862,-0.1866139061625443,0.19195883,0
-0.2472265875370544,-0.6580480224545961,0.2904897,0
-0.5487863595931296,0.9681567576786334,0.14589716,0
-1.391600500285167,-0.429576967435903,0.13946463,0
-0.3722370692428574,-0.3286278898220272,0.24715975,0
-0.2134071047108861,0.7989210569444465,0.18458739,0
-1.1884592368028533,0.9360006523065492,0.09803938,0
-0.0825459926177479,-0.7907072690670561,0.3532196,0
0.0792149436892924,0.2011018793439701,0.26678532,0
-0.3397847165170993,-0.4359177267673247,0.2583872,0
0.6385985964442901,1.8569117516915556,0.14962718,0
-1.1482894844157023,-0.488637984117473,0.16521515,0
0.5302699263817742,-0.6551930581408627,0.5726963,1
-3.414601155206739,-1.3536270085119355,0.04874006,0
2.213549905690897,-0.4280759591562528,0.9161894,1
-0.0062827526616854,1.1505771046639424,0.1742242,0
-0.5223023838771186,-0.236620185503142,0.22049925,0
0.6131586145333666,0.4987471661706141,0.30200163,0
-0.1713005768448937,-1.7765553994795733,0.54359967,0
-0.2361031911619585,0.0348474875600048,0.23867454,1
-0.0297027082111144,0.1747111778248548,0.25515145,0
0.5951933400235759,3.0464397967628822,0.07184737,0
-1.1547974725617824,0.4985812481285253,0.117457606,0
0.7221261318337604,1.4117453597150171,0.19735442,0
-0.4584511058451432,-0.3700375035601412,0.23821911,0
0.5792325363538029,-0.4112017732329869,0.525888,1
-0.8639489369414628,-0.0758175102826142,0.17191629,0
-1.1414571077222837,-0.2428277407761547,0.15320452,0
-0.1273284682259008,0.9098692495238914,0.1835465,0
-1.0861876169306646,-0.4164505538201503,0.16762497,0
-0.6228938315124066,0.6571426404097385,0.1557124,0
0.774242617528589,0.2771474821494272,0.4115729,0
0.7061089773311249,-0.8811939071223236,0.69534683,0
-0.5870435611940474,0.4722136954652581,0.16952409,0
-0.2600880249003099,-0.6594135240219124,0.28774357,0
0.394813460714128,0.3176756298169852,0.29452157,0
-0.8043360578672519,-1.381763611566109,0.26321438,0
-1.7217709605257452,-0.6866694213021205,0.12336662,0
-1.0255920919718071,-1.7391894405421315,0.25896373,1
1.0545435169256827,0.2285406844018668,0.53173393,1
1.6852064185973137,2.7953312921354945,0.11956184,0
0.378237209628138,-0.5794811417541244,0.48185256,0
-1.2988963888572145,-1.5331469596993703,0.19170919,0
0.3436332450916608,0.779981607449436,0.2383756,0
0.3971883319411989,-0.1963047828673668,0.4031639,0
0.440245566776746,0.6550516938879254,0.26184216,0
1.7408138042942365,-1.6806368285940343,0.9533872,1
1.0684543516057234,0.8140290165082171,0.3285324,1
1.2773597426723744,1.0440560486339188,0.3172252,0
-0.6811556475919162,-1.1638041291860337,0.2613682,0
-0.2884873006721457,0.3626295154611317,0.20977142,0
0.0450899765374904,-1.7081004621536309,0.61916006,1
0.838380845790878,1.6162885572955656,0.18278271,0
-0.0054090175686694,-1.390135548126633,0.5258987,1
0.756705921960194,-1.3834396206002948,0.79895216,1
1.0592386791708948,-0.2338220326517996,0.66832817,0
0.4206834571647296,0.5515264549191153,0.27144817,0
1.8892689022234783,-0.8435161044424181,0.9187183,1
-0.1908905944967956,0.9503119320808914,0.17515537,0
0.7208955589825261,1.247244742477562,0.21534005,0
-0.7891550519721297,-1.973882503786446,0.3554095,1
0.0482698913541344,1.313357067409601,0.16581538,0
0.8830083934233732,-0.6663789905709596,0.7094185,1
1.6548201642252656,1.4831870733184087,0.2896114,0
0.2890174722093755,1.3101493845133407,0.18196592,0
1.354784016907271,-0.8517030070094335,0.85128534,0
1.8239775391471296,-1.4649641949327608,0.9490915,1
0.0284711858738048,0.4869713220276476,0.23353396,0
1.3120726787628607,0.7000783617478634,0.4606296,0
1.5307602566454006,-0.7984590917410339,0.8728569,0
-0.1652388512400485,-1.1166909187229033,0.390485,0
0.7940577819621111,0.677712942775709,0.29801086,1
-1.8031699705795023,0.2516797600756613,0.08349983,0
-1.9294830680064765,-0.1875849270973451,0.09055298,0
-1.1882010903946918,-0.3044894590033749,0.15187922,0
0.3254646548131867,-0.4015337482630897,0.4175564,1
0.7068928181249187,-0.7247959649322726,0.6622383,1
-1.7856370505963923,-0.7051705532972679,0.11917421,0
-0.223351651655781,-0.3908644415900635,0.2714128,0
-0.1500102745903956,1.224078567700141,0.15772633,0
-1.2551168842436522,0.8297163486159751,0.09753032,0
-0.3254949200360987,1.39120907040995,0.1342435,0
1.019427734106972,1.0993114620616362,0.25596616,0
0.0072982762162186,0.0869361049109288,0.2683657,1
0.9961373140543132,-0.5088530407477276,0.71074235,1
0.830524125067597,1.8576614396247744,0.1591197,0
0.5843574664249034,1.920560472124291,0.14166693,0
-0.1090043730511146,1.254485830751121,0.15855676,0
0.3306380953276273,1.0448268274178054,0.21161965,0
-1.028699161979135,1.4975358160003407,0.088107124,0
1.2616808298727384,-0.987407057537021,0.8522279,1
1.8277423350704,0.780746288575813,0.6248099,0
-1.229021626214617,-0.1488917177525814,0.14068557,0
-1.131657566878358,-1.19112156965364,0.1965622,1
-0.025952234258122,-0.0399259621472402,0.27562755,0
-1.2960756933336148,-0.5876899520106377,0.15586846,0
0.5682414322471476,-1.8952369205931336,0.82714367,1
-1.2508441214847117,-0.6954630322152497,0.16591679,0
2.3362680387252044,2.1486021086617915,0.2820276,1
1.9568922841299567,-0.3101080747969729,0.87644076,1
0.7127272895428766,1.8861838430671805,0.150697,0
-0.4879020916157412,-0.2660575553184735,0.22677395,0
1.215189902368243,-0.4709007397822918,0.768454,0
-0.4057399321365583,-1.2498312147446171,0.33980003,0
-0.935794083437044,-0.9660161997738416,0.21028735,0
-1.9763408600954535,-0.1257476762695294,0.085734054,0
-0.8780418093667657,-0.3725881704667245,0.18724822,0
1.5489649157729497,-1.2483641430184027,0.91638255,1
1.473878305995818,0.9787702324269364,0.41251743,0
0.6073119223474275,1.2475130893695043,0.20832668,0
-0.0234095344700146,-0.7607910511308393,0.3663755,1
-1.481790153721824,-0.0235164923471111,0.114584416,0
-0.608167725883351,1.590779143457974,0.10621036,0
-0.5080576757206183,0.8173911966033425,0.15825701,0
-0.183860649380897,-0.8347795959150572,0.3316663,0
-0.935617849100182,-0.5850117177593772,0.19340682,0
0.7116814543466532,-0.733849792345771,0.6660132,1
-0.7089414321155151,0.6907241558175404,0.1458747,0
-0.5953912200840934,1.301934971163456,0.12283233,0
0.5972751127237278,-1.4246153915447426,0.76165295,0
0.4500650235744258,2.356954640441241,0.10440559,0
1.1047415691766445,-1.1393702801772116,0.84431106,1
-0.7846498757729286,-0.6109067308316101,0.211539,0
0.8645503694138613,-1.8887619778767988,0.88401616,1
-1.7065936489258784,-0.9042600208752104,0.13400204,0
-0.2708211496706031,-0.3933833372485437,0.26501542,0
-1.0793342702399924,0.7043688778947591,0.11456617,0
-0.1764291825382377,-1.1725548072317884,0.3994843,0
1.319829881243135,-0.3520360087549226,0.77271014,1
-2.2939546608232173,-1.639599938956837,0.113609955,0
1.313845588164528,0.2773906942676293,0.61346793,0
1.2299037190408304,-0.6711809702951163,0.8041691,1
-0.4621793891519268,-0.1968575903654799,0.2253865,0
-0.8617010357444373,-0.0729578684427253,0.17199227,0
0.2805259834516689,1.3731583148335855,0.17517795,0
-1.9141718367490543,-1.0960351841954188,0.12529954,1
1.338418511962814,0.4273375108263876,0.57340807,1
1.8456365073446312,-2.4483543871251183,0.9786113,1
-0.8038567160937959,0.4371731977319562,0.15007506,0
-0.5901079082405571,0.6724143129531155,0.15807687,0
0.6009415314491965,-0.3889244570301345,0.52846295,1
-0.8267751294827664,-0.66850809834935,0.20976147,1
-0.7011428861966634,-1.854497310884107,0.36398092,1
0.7415373704221725,0.656647892752385,0.29522097,1
-0.0434061899930027,-0.8047401173355578,0.36810642,0
0.671104158392407,1.418646656173039,0.19355454,0
1.4745081975973575,-0.2045410517999114,0.77994573,1
-0.892668544989993,-0.8050122365781696,0.20961413,0
0.205933583732507,0.4355953737846937,0.25736332,0
-1.1886370884370756,-1.6463925804313155,0.2148856,0
0.9988672432938376,-1.28913470733771,0.84271234,1
-0.1370135135101328,-1.2958564959184475,0.4455221,1
0.1821796301799404,-0.97284177244097,0.49944523,1
1.4103082215317242,0.3428896157924698,0.6270027,1
-1.5053422654878097,-0.2162334017736096,0.12081518,0
0.3497900834071581,1.486701552342038,0.16830109,0
-1.127627155979977,0.9011992817434714,0.103365324,0
0.4919338364686763,-0.4060672881191514,0.48588082,0
-1.8929722125712956,1.0594135205219335,0.05686179,0
-0.4812205850065236,2.342710464055802,0.07331302,0
-0.4585909700149312,-2.24344942864197,0.5246932,0
1.2040241304032515,0.1144933391784018,0.6247434,1
0.393872232600527,-2.590817234815465,0.8726598,1
-1.2208984737946948,0.6959967903754575,0.10475242,0
-0.7114761000833038,-0.6689755434813451,0.22395363,0
1.0712266401142998,-0.4844905728981528,0.7290463,1
-0.3458375658067508,-0.1821717006357046,0.23991613,0
0.184048499303188,2.068866264169781,0.112741694,0
-0.509248190468633,-0.62963612438899,0.24637033,0
0.8676202146904375,-1.0432188708859311,0.77482903,1
1.0643716369819587,1.6568308034338193,0.19023162,0
2.220183545164186,-0.1195222429999102,0.888651,1
-0.6752159764592511,0.3150942831218727,0.16939524,0
-0.6693100176156167,0.8264550843141425,0.1426593,0
0.1429334610440464,-2.3163386057893116,0.7755118,1
-0.4022858859117149,-2.463255430853242,0.5969136,0
-1.598449644345285,1.5155481117842466,0.058500364,0
0.9046782617571476,-1.391382677175877,0.83594644,1
1.0954015540203177,1.7403078041918356,0.18355085,0
-1.4716031125409763,0.5681181587053243,0.09298196,0
-0.4925552630355046,-0.3693895374413823,0.23367512,0
1.150585762950804,-0.0205946796462862,0.64647067,0
-2.196231578903843,-0.5950168566990709,0.08774263,0
0.1299752563349403,0.3664458465492608,0.25559905,0
0.1786517453893839,0.5609181716254504,0.24243727,0
-0.6230910610295947,1.526928825651901,0.10874232,0
0.3231626588912797,0.0986913842731801,0.31136766,1
0.4455488968213078,-0.9532755106569494,0.6125028,0
-1.458592600543528,-1.2624997744903586,0.16850598,0
1.0281048918514128,-1.409254330857158,0.863418,1
-0.2251354892383835,0.6358963522426624,0.19625509,0
1.5000309327265229,-0.0096281153785792,0.74708116,1
-1.4190788441245554,-2.259800686827615,0.22803241,0
-0.4991504605684074,-0.442505830303506,0.23743416,1
-0.7944359197664238,-0.1559233079565611,0.1838241,0
-0.6085645705481857,-0.4542592288747072,0.224039,0
2.186989833586204,1.711752317054066,0.3912802,0
-0.4457294357145658,-0.6385512013356116,0.25401974,0
-0.0249721577954448,0.8908399261851675,0.1937782,0
-0.1507539000934042,0.045693650552347,0.24957031,0
-0.5284356544928542,0.2612133421463526,0.18841381,0
-0.6613674229334978,0.3514112721956444,0.16875096,0
0.6666103808876106,-0.5418741234867273,0.6011519,0
-0.7713857416336783,0.8867649065928254,0.13091904,0
0.3674376717145848,-0.4296808897080891,0.43778735,1
0.631214315153138,-0.8162844863771074,0.65378517,0
-0.2501382510591992,-2.356615967839069,0.63850224,1
0.2843898506417994,0.6816470547922365,0.24205726,0
-0.8042813899039749,-1.4126320766787936,0.26716498,0
-0.1635513153177284,-0.4675210815883109,0.2855574,0
-1.6749872488399322,0.7106390907413165,0.0763055,0
-0.8956055316643786,-0.8878953010954963,0.21247216,0
0.2384281694417846,-0.4563385637995652,0.39776218,0
1.390770665686896,-0.3274893446328809,0.7846296,1
0.508458160228037,-0.1189137048934562,0.42046466,1
0.4379848920074994,1.7381933050839729,0.15015908,0
0.7478218520468795,0.697088159393719,0.28994447,0
-0.8263954972201267,-1.879890846461513,0.32701558,1
-0.2969847410561253,-2.0863556462441655,0.5604099,1
-0.431976908575468,0.5363555302377202,0.18224712,0
-1.763324895598777,-1.4165857103691477,0.14733952,0
-1.3926578711972113,-0.3025083370738592,0.13360147,0
0.363568102153491,-0.2493708557560082,0.40303472,1
1.1647403223397672,-0.1950993851608567,0.6949485,1
0.3330341637770365,0.7064480657634962,0.24477616,1
-1.1288020267234096,0.7615858483696908,0.10865933,0
0.9742048592254664,-0.1799491559120072,0.6225232,0
-0.5254908710531969,-1.0421107589458407,0.27993187,0
-1.3604513247985537,-2.146193373846022,0.22934337,0
0.6258444849816903,-0.9120080983692876,0.6727173,1
0.689318062602075,1.3690473639230625,0.1999838,0
1.8130349300576112,-0.5039676634237684,0.879203,1
-0.4061978137337461,-1.0187645271930388,0.3018679,1
1.2990658833681736,-0.065247485505248,0.70515734,1
-0.1817300042395947,0.473142635169216,0.21373746,0
0.5500503936914058,0.1077716322932218,0.37854388,0
1.6409528448085695,-0.059898993235828,0.789112,1
0.4220932335188502,-2.3322437890639653,0.8510026,1
0.8934737202049278,-0.2914672703898455,0.62152135,1
1.2853616440028304,0.8505543723560338,0.39383098,0
1.2236013370083365,1.6832240033111074,0.195889,0
-0.5694753615836812,-1.6517062813341363,0.36758742,0
1.6066115198270658,-1.6917975722123284,0.94616395,1
-0.1268992333567454,-0.93126989549335,0.36547273,0
-0.6416653868888194,1.3867778036792229,0.11529033,0
0.0588101921334144,0.5408007815282448,0.23179282,0
1.876011341091005,-0.8464835246654239,0.91777045,0
-0.605036222526026,-0.3767571979514752,0.21945487,0
0.8808242639481497,-0.4798908760836551,0.6655087,1
-0.2736979478517655,-1.253080650734611,0.38237023,1
2.2919265301362843,-1.2834648412825034,0.96504176,1
-1.4127746576333675,0.7666533608152187,0.08968095,0
-1.3474058035546008,-0.023450245415892,0.124982744,0
-1.478650393965715,-0.5052387783959251,0.13541202,0
-0.2127406515755672,0.7316541343454199,0.18982266,0
0.3797104506685635,0.2644244299358825,0.2984879,0
-1.375887895254855,-1.192260150054408,0.17404732,0
-2.074284795042853,-0.0035511812981907,0.07630315,0
-0.5276649833131765,-0.2321603371065032,0.21954086,0
1.1614001984161555,1.4136410530829329,0.22342336,0
-1.945304941677416,1.7017405279786226,0.042194232,0
-0.9252808294815588,-0.0347543551218959,0.1634796,0
0.9773887805359404,-1.7415760054395564,0.8885836,1
-0.2302972707110782,-1.5209805187175085,0.46362776,0
0.0625860921006141,-0.3982804917790911,0.32964808,0
-1.3971476143058132,0.5572363266345559,0.098095395,0
0.2885485831365674,0.2394806694751799,0.28851146,1
0.3056099011775011,0.398770087346506,0.27337506,0
0.8530777918983404,-2.0897893095260622,0.90046185,1
0.8386404810719823,-0.6189022550682861,0.6839867,1
-0.1101022742497026,-0.7103429141562929,0.3323017,0
0.6469991669459273,-0.095836634992033,0.46416083,0
-1.272317581049671,-0.9459060323192922,0.17542191,1
-0.4661218726309331,0.5265063495344662,0.1791304,0
0.7065449655947442,-1.0672095509415571,0.7294623,1
-1.8558778745395663,-1.025878563712641,0.12699525,0
-1.26582811152018,0.4404782550455712,0.111583255,0
-0.6894575227531277,0.7086656491813351,0.14675154,0
0.5375583628967243,-0.128012630200902,0.4323914,0
0.4122369842394454,-0.576271663717048,0.4968868,1
-1.0960458157407702,0.5130495939919034,0.12137684,0
0.1368119314962185,-1.2565640403660483,0.5552067,1
1.2420082794873224,1.055639541819363,0.30345103,0
1.2675380349633243,0.5809635913324663,0.48756054,0
-1.8074749423928016,1.026016371243333,0.0612754,0
-0.4575881160083054,-1.182507737537401,0.31389812,1
0.959455556648651,1.781355558926419,0.17320067,0
1.1544233415688527,-1.6613559865699423,0.90526634,1
-0.3894501754359408,-0.3621346758317762,0.24700622,0
-0.3277783667328214,-1.1619852069247345,0.34689596,0
0.8089464769442887,1.001831547111642,0.25231203,1
1.6098484043881074,1.0767066385895812,0.42410076,0
-0.4777419699369666,-1.2590951049302803,0.32112625,1
-1.4978307999908629,1.3194656605492874,0.067982495,0
-0.3835460429918013,0.6105888585179353,0.18304199,0
0.7638183617500768,0.5400267275671424,0.32415196,0
-2.4034131559522325,-1.1562749380045885,0.09301499,0
-1.0019871567936218,1.0412007955739884,0.10669175,0
0.3864414264562556,0.6204010295548961,0.25974634,0
-0.8312963175090032,-1.5224136636111278,0.27486542,0
-0.2926638331430192,2.282700805043028,0.08236098,0
0.2229709901703964,-0.3110467079762594,0.36694103,0
-0.0285777194630739,0.2865832367149331,0.24592794,0
-0.3077110124912227,-0.8456307038789516,0.30267137,0
-0.66893045364354,1.1837917109169898,0.12481114,1
1.0575565098053927,0.954856031648074,0.2845842,0
1.2470373434325928,-1.404337812188141,0.895302,1
1.2086413594480747,-0.4184286652216699,0.7563508,1
1.1211223071234413,-0.2973828432740276,0.70385146,1
1.0870465004619287,0.4985612020296333,0.4525165,0
-0.7613910681675269,0.9077930074117152,0.13078214,0
-0.0337780851029637,-1.6711167392105342,0.5779135,1
1.9810016416127143,0.4244536103556093,0.76864207,1
-1.3360158901152563,0.6137335590350861,0.10005393,0
-0.9277607150598944,-0.4653436516353652,0.1871822,0
-0.1407051715734092,-0.3424334517768368,0.27988374,0
-0.5788097888800511,2.255784079817036,0.07443402,0
1.21242418108717,-1.601481739319192,0.9073143,1
-0.4250902356990285,0.7445324982355485,0.17069511,0
-0.6285891577100908,0.8618454874810066,0.14456905,1
-0.9728075218322184,0.8915815139593235,0.11478629,0
-0.2389425950891061,-0.5118446669775383,0.27580675,0
-0.4281105355148482,-0.2476204025646177,0.2335408,0
-0.2410756034619488,0.3249997893193068,0.21814525,0
-0.1603014916537615,-1.3309675514695494,0.44485223,1
-0.0821519923603542,-0.9854186439151604,0.39045373,1
0.4470044887397999,0.1158931474819477,0.33917958,0
-0.4169739809299672,-0.1672332155744252,0.22912991,0
1.4601886248261773,-0.856511044351611,0.86863434,1
-0.787660203641242,-0.0273086484046736,0.17722157,0
0.9855449356098388,0.3480664445521193,0.46750256,0
0.4764266598634897,-2.0725126062927823,0.830234,1
0.024210109061955,0.5221234860436124,0.22993156,0
-0.4251523454182326,-0.4472911491310684,0.24771427,0
-0.3257073293816017,2.1752864246011683,0.087003075,0
0.0959508959858707,0.2921616441050134,0.2592129,0
1.7361579775344342,-0.070781893469669,0.81059116,0
1.2896563888906656,0.6207095857183554,0.48122543,1
-1.0980027402390151,0.6419399234561332,0.11575396,0
0.8471526534313433,-0.1363535118378951,0.55755377,0
-0.4338992979581123,-0.609429957233285,0.254319,0
0.0339874806789952,0.6553137869895418,0.21918271,0
1.1700702948460031,0.0316132603761334,0.63799554,0
-0.3161333498882121,0.7629393183676422,0.17850037,0
0.4410599193588972,-0.0520263471697767,0.38614357,1
0.8024533534791909,0.2924539566976507,0.4180111,1
-0.3695604316384583,-0.1100756329633096,0.23132055,0
-0.994615811814093,-0.2086154307463239,0.1657553,0
0.2442575738411795,-1.204752204401016,0.58910084,1
-0.103112555483904,-0.9280334154633854,0.37240583,1
-1.034581395537078,0.3193028006683662,0.13521898,0
1.5143386497988096,0.642334942787742,0.55954,0
2.042861818482214,-0.8871339766432244,0.9337826,1
0.9355481232276026,0.1657515789013748,0.5067882,0
-1.2214384512631198,1.3817134729096914,0.080628,0
1.3501155279029209,-0.967230020333058,0.86411,1
-0.1144168243267889,-0.3963676951435403,0.28838974,1
-0.6915002773734338,0.5860434783112782,0.1529068,0
-1.0282243306584953,0.6908977507353746,0.1190024,0
0.5577948301915119,0.0276520687552754,0.4034221,1
1.160736885241055,-0.872170352938759,0.81868505,0
-0.2247506185764688,-0.465523904482521,0.2757685,0
1.7155224428266704,-0.0149930053530623,0.79669327,1
-1.434725404053002,1.8182032302275772,0.05815369,0
-1.355443647766258,0.6399084095673,0.09783358,0
-0.0544626623298084,-0.1062681958042607,0.27707478,0
1.37769022237058,0.8479230768371497,0.4274252,1
-0.1680866490440298,-1.7167436759324992,0.5309736,0
-0.4897767744374749,1.496601922805456,0.117861405,0
0.4403970095742112,1.02993003755761,0.22122076,1
0.5685186576966752,-0.3732738828757866,0.50962484,1
-0.8389170564026196,-0.609123817835688,0.20512058,0
-0.9270663616763244,-1.143938633045218,0.216312,0
-0.3321954554079612,-0.949165512826635,0.30987522,1
0.7683335741197437,0.0856854291181499,0.4651076,1
-0.8090445346246211,-2.4955406558216464,0.444079,1
0.6378258824209215,2.172661516603938,0.12427544,0
0.4492019868138223,0.7548017135286221,0.25235674,1
1.16032454143891,2.507655138919597,0.12130927,0
-0.1852558651977599,-0.0516545722663514,0.25256905,0
0.6367202351999226,1.2483958837899831,0.21008411,0
-0.3761939878964967,0.1541064225360996,0.21300511,1
-0.8947442689695432,-0.0068356752747296,0.16505308,0
-0.1614178147768672,-0.1898465859206622,0.2673581,0
2.0122100836133945,-0.9846288940913518,0.93727535,1
-1.3755675248129289,0.8834548603292903,0.08794738,0
-0.2005259533269959,0.6145677244761368,0.20022264,0
0.0602619157963127,0.7935166439898009,0.20984711,0
0.2700341338353834,0.1477795263246605,0.29631078,1
1.2238578576946333,0.1422121816464076,0.62324035,1
0.1980812834623994,-0.4137348358530371,0.37667108,0
0.0853803387650842,1.554351808945216,0.14754362,0
0.4717132983881833,-0.4703984944587715,0.49463594,0
0.1349863352126522,-0.7931688013221193,0.4303375,0
0.8327644600919787,0.7773724319307114,0.28683946,1
0.5988263161990847,0.0474787672692754,0.4119825,1
-0.0024257892892693,-0.3642924790558308,0.30669758,0
1.15333712893302,-0.0127687524194007,0.6451466,0
2.148421373117145,-0.3474691135383638,0.9025545,1
-0.405865317224483,0.723027284033336,0.17389242,0
-0.2813536412645427,-1.1273106672869757,0.35432154,1
-0.3601542025814203,-0.2298271906314166,0.24169254,0
-1.5457427271225823,0.1459433779219002,0.10334682,0
0.5248485104343363,0.9956153823221382,0.23184435,0
-0.7946674886460435,-2.0641423144492452,0.36755514,1
-0.3321060316247406,0.0632649667406672,0.2243958,0
-1.5009436810283068,0.5480599282064187,0.09182253,0
-1.6327609454581329,-1.3804773837677926,0.15683188,0
-1.641952343672847,-0.0741010195211603,0.10509738,0
-0.0616137454008507,-0.2027348743196221,0.28174257,0
2.285007255100276,-1.587243354100609,0.9731467,1
0.2547157346161022,-0.4095759176898716,0.39489606,1
-0.1423060962035663,-0.0077980750221969,0.25528038,0
-0.4997938497695658,-0.1572106189243933,0.21807413,0
-0.0392552840778278,0.3450837464752775,0.23944874,0
-0.3479369849620417,-0.292472657655011,0.24810812,1
1.1522536664763006,-1.793943490957336,0.9150377,1
0.7447113667180976,-0.8172586532627731,0.69582087,1
0.7286711051974024,0.10486446948089,0.44603845,0
0.916908600443638,-0.3197212334205299,0.63836366,1
-1.7370985546688065,-0.0645233766598752,0.09835798,0
-0.4436385831342845,-0.6021197211457271,0.2528882,0
0.9895817115943016,-0.9111853976576408,0.7856885,0
-0.3549558679322043,0.1534099232341849,0.21563452,0
-1.0570574647233035,1.0512384002979682,0.10252161,0
-0.284489559348765,-0.8973722139627246,0.3145344,1
-0.4379104832566455,-0.1224002941025834,0.22347271,0
0.90079289283775,0.1775951225924356,0.49134427,1
0.5157066795251369,0.5580608939111124,0.28221208,1
0.0736005379158052,-0.9268584500985192,0.4387748,0
-0.4367081347434359,1.1280893588269416,0.14394677,0
0.9389755183068884,-0.4597414510615088,0.6806744,1
-0.0167426568127967,-0.8812714826468074,0.3920596,1
-0.1972947759709701,-0.5394056650275231,0.28649846,0
0.0063886387335321,0.5405983661052628,0.22647777,0
-0.6566819520628231,0.7827800728434071,0.14599644,0
0.8075174154205321,2.0482894279356247,0.14146063,0
0.8558369001537026,1.0532183593539446,0.24888957,1
-1.0106736679818478,0.2910907523546509,0.13864902,0
1.002726749527985,-0.752468932589758,0.7635283,1
0.4819526696774003,-0.793302637275245,0.58767384,1
0.24191380435238,0.7845556025439234,0.22782525,0
0.2399686410515002,-0.5144238096382737,0.40894127,0
-0.5046717463098943,-0.2121708459695324,0.22107929,0
0.0612902984876778,-0.6965071492177545,0.38256273,1
-1.2184900779020682,-1.7372048999198666,0.21843274,0
0.1689331277246653,-0.2079801037929217,0.32737204,1
0.0962871463317804,-0.2678524807859656,0.31697747,0
-0.8382494178307788,-0.2233528395027254,0.18294108,0
-0.0612068887253798,-0.6493821636861663,0.3361692,0
-1.0857665982032276,1.0244186773285306,0.10158797,0
0.2056135430870038,0.489424371979651,0.25205708,0
0.2353927868832437,-2.025028332012251,0.75510705,0
1.383560762292957,-1.2156669312862227,0.8950595,1
0.862149639605797,-2.644953033541212,0.93816215,1
-0.0249321577063999,1.0902614480306816,0.17746465,0
-1.431376525137838,0.7145497803565007,0.09033847,0
1.9802268637181293,-0.2528154984966807,0.87300473,1
1.2146682442418126,0.1359382481071415,0.62191373,1
-0.260309924239399,-0.0977120010824104,0.24535738,0
-0.2109810162127192,-1.5365368681643616,0.4750127,1
-1.0414109940729612,0.6225363304422366,0.120912455,1
-0.8037106952153474,0.8906843719735581,0.12806329,0
-1.0894494555918894,0.1640095684986295,0.13790785,0
-0.9898851284195124,0.5747228367204349,0.12713373,0
-1.9048893074279336,0.4704929630730438,0.07131997,0
0.7401859373482677,1.5732922237187694,0.18155004,0
0.823598814696104,-1.500560283598878,0.83240706,1
1.4899939851250787,-1.887480043500221,0.947582,1
-0.1020432095216994,0.4467595064935585,0.22386234,1
-1.214133215727294,1.236874561682626,0.08576153,0
1.0107378736030004,-1.1654233569676549,0.8289731,1
1.3285254463447886,0.6281873466136855,0.49241105,0
-1.369552098627146,0.8079712403103172,0.09094188,0
-1.6377289499186185,-1.7780355960013183,0.16340615,0
-1.4475920558944206,-0.5777923223068715,0.1414415,0
-0.3058657814169024,-0.7888555694674343,0.29514205,0
-1.3461306309488172,0.1921653140440044,0.11580724,0
1.317616830727486,0.0745587662738934,0.674453,1
-0.5824900163702021,1.451867857892291,0.1150458,0
-0.7175640128186064,-0.6679198316768354,0.22311409,0
1.3176303990889715,0.8974360343382616,0.38784716,0
-0.891164746758258,0.826796205468067,0.123850085,1
0.6924837665323179,-0.4501909291821824,0.58567077,1
-0.5762952099066406,1.32950235228498,0.122365214,0
-0.3064750553220622,0.1121610041951425,0.2243584,0
-2.056995766706732,-0.791439277538179,0.102984555,1
-0.6744077070549473,0.7285072845041133,0.14712647,0
0.7041734927870585,-1.3895405100131446,0.78616893,1
0.5926943754630803,0.265554170328315,0.34660104,1
0.0306569865621172,-1.300739789404768,0.51843476,1
0.71391745989956,0.6370399577918434,0.29508474,0
1.2677779819691142,-0.2116676968386615,0.7312852,1
-0.5432898984450671,-0.9561773972882444,0.26456025,0
1.6360227558117433,-0.7405630706964015,0.8818503,1
-0.7101138271393166,1.0065524447244645,0.13050175,0
-1.800508540302116,-2.013115837145577,0.1540925,0
-0.5038612505735526,1.6563663874311505,0.10833892,0
-0.3852059576107282,-0.748607800178387,0.27278337,0
-0.0888838975090012,-0.3946876925843969,0.2928211,1
0.3947212690231977,1.120098856575188,0.20835644,0
0.2410985171092841,1.0312732262257405,0.20510417,0
-1.8261222668344448,-0.6498630749803793,0.1139464,0
-0.0478143718455055,0.0226254515711933,0.26663467,0
